Compound,Date/Time,Negative,Neutral,Positive,The Tweet,Tweets Ago,User
0.0,Sat Mar 17 18:32:01 +0000 2018,1.0,0.0,0.0,"Ouch! üòÇüî•@GordonRamsay's daughter is hilarious... 
https://t.co/0dqwntX5uj",0,@BBC
0.3612,Sat Mar 17 18:03:04 +0000 2018,0.857,0.0,0.143,"üêú1‚É£2‚É£3‚É£Sir David Attenborough explores whether there is counting in the natural world. 

David Attenborough's Natur‚Ä¶ https://t.co/Q4H4uXR4pt",1,@BBC
0.3182,Sat Mar 17 17:30:07 +0000 2018,0.901,0.0,0.099,One of the writers for The Simpsons has told @BBCNewsbeat Stephen Hawking was such a big fan of the show - he'd sho‚Ä¶ https://t.co/Jjer3V4cYk,2,@BBC
0.4767,Sat Mar 17 17:00:08 +0000 2018,0.785,0.0,0.215,"üéìüìö 'The moment I gave Reese Witherspoon my Legally Blonde dissertation... and yes, it was scented.'
üëâ‚Ä¶ https://t.co/z8x5mqqKoW",3,@BBC
0.0,Sat Mar 17 16:39:39 +0000 2018,1.0,0.0,0.0,RT @BBCWorld: Blossom in south-west China captured by drone https://t.co/gIDKUn1La6,4,@BBC
0.0,Sat Mar 17 15:03:12 +0000 2018,1.0,0.0,0.0,"This year, over 250 landmarks across the globe are going green for #StPatricksDay! üçÄ https://t.co/TlWqU0TXQT https://t.co/i4sW4OaGrQ",5,@BBC
0.0,Sat Mar 17 14:43:43 +0000 2018,1.0,0.0,0.0,"RT @BBCRadio3: ""Even if we found a complete theory of the universe, it wouldn't remove the need for music"" - #StephenHawking
https://t.co/t‚Ä¶",6,@BBC
0.8625,Sat Mar 17 14:00:30 +0000 2018,0.699,0.0,0.301,‚õ∑‚ù§Ô∏è George has autism and other health conditions - but his love of skiing is helping him take on the outside world. https://t.co/kfCzRzkcNY,7,@BBC
0.3628,Sat Mar 17 13:46:15 +0000 2018,0.784,0.073,0.143,"RT @5liveSport: 'My mates didn't know I was playing @realmadrid'

@ManUtd's @carras16 tells @ColinMurray his friends keep him grounded‚Ä¶

'A‚Ä¶",8,@BBC
0.4019,Sat Mar 17 13:00:08 +0000 2018,0.881,0.0,0.119,"Yes, Gary Oldman and @BBCEastEnders' Big Mo are brother and sister. 

But do you know these other celeb family ties‚Ä¶ https://t.co/dtzMwD3nBB",9,@BBC
-0.7244,Sat Mar 17 12:39:41 +0000 2018,0.664,0.336,0.0,"RT @BBCOne: .@NiallOfficial won't let fame get to his head - Ireland won't allow it. 

Happy #StPatricksDay üçÄ https://t.co/OrWR94HStF",10,@BBC
0.5106,Sat Mar 17 12:00:09 +0000 2018,0.643,0.112,0.245,‚ôªÔ∏èüóë This shop encourages you to bring your own container from home to save on single-use plastic waste. https://t.co/TdHJSycKtO,11,@BBC
0.8883,Sat Mar 17 11:30:09 +0000 2018,0.488,0.0,0.512,üáÆüá™ üçÄ Celebrate #StPatricksDay in true Irish style with these delicious recipes! üëâhttps://t.co/2MCMlz6K0B https://t.co/k18P3Syx2N,12,@BBC
0.6249,Sat Mar 17 11:03:05 +0000 2018,0.796,0.0,0.204,From scrambled eggs to chilli-spiced crisps: here are six great ways to cook with kale. üòãüëâhttps://t.co/lqKD1h83Iv https://t.co/yWESBJm62q,13,@BBC
0.6996,Sat Mar 17 10:14:25 +0000 2018,0.658,0.066,0.276,RT @BBCTwo: Happy #StPatricksDay! Check out what's lurking beneath the calm waters of Ireland's west coast... üáÆüá™ü¶à https://t.co/6MQgyLTlIr,14,@BBC
0.0,Sat Mar 17 10:00:02 +0000 2018,1.0,0.0,0.0,"üé∂üê¶ Did you know that bullfinches can learn to sing a tune by mimicking humans?

üîä Sound on for this one!  https://t.co/44OFulioZp",15,@BBC
-0.7717,Sat Mar 17 09:39:19 +0000 2018,0.749,0.251,0.0,"RT @BBCEngland: Stephen Hawking's PhD thesis has been viewed 250,000 times online since news of his death broke on Wednesday, the Universit‚Ä¶",16,@BBC
0.6369,Sat Mar 17 09:00:06 +0000 2018,0.714,0.0,0.286,"Ready to get active?
üèÉ Here are 5 ways you can get involved in #SportRelief2018. 
üëâ https://t.co/wmKUWBDBjp https://t.co/xr7g5Hw4PK",17,@BBC
0.7783,Fri Mar 16 19:38:34 +0000 2018,0.726,0.0,0.274,"RT @BBCR1: This guy just raised over a million pounds for @sportrelief üôåüèª

Congratulations on completing a truly mammoth task @gregjames, w‚Ä¶",18,@BBC
0.4926,Fri Mar 16 18:31:01 +0000 2018,0.61,0.0,0.39,üí™üò≤‚öΩÔ∏è Keepy-uppy the good work! https://t.co/lFtKEBxjNJ,19,@BBC
0.5719,Fri Mar 16 17:00:25 +0000 2018,0.791,0.0,0.209,‚ù§Ô∏èüéß Bradley has never let Asperger's hold him back from doing what he loves. https://t.co/5JFvIXeDSZ,20,@BBC
0.0,Fri Mar 16 16:30:01 +0000 2018,1.0,0.0,0.0,"Running for the door on a Friday afternoon like...
#FridayFeeling https://t.co/optoQcK1TV",21,@BBC
0.0,Fri Mar 16 16:00:00 +0000 2018,1.0,0.0,0.0,üîäüéµJarvis Cocker describes the dream-like experience of visiting La Monte Young's Dreamhouse.‚Ä¶ https://t.co/O9u7sPRL5m,22,@BBC
0.0,Fri Mar 16 14:25:15 +0000 2018,1.0,0.0,0.0,"RT @BBCR1: The gruelling task of climbing Ben Nevis in underway for @gregjames after cycling 180 miles in a day and a half!

Don't know abo‚Ä¶",23,@BBC
0.34,Fri Mar 16 14:00:13 +0000 2018,0.841,0.0,0.159,Prepare to get that warm fuzzy feeling - the man who photobombed his wife 11 years before he met her:‚Ä¶ https://t.co/iZBJ8dEKhz,24,@BBC
0.6124,Fri Mar 16 12:59:01 +0000 2018,0.667,0.0,0.333,ü§îüé® Why are soap bubbles such gorgeous colours? https://t.co/ppaXTcvWRZ,25,@BBC
0.3612,Fri Mar 16 12:38:40 +0000 2018,0.902,0.0,0.098,"RT @BBCNewsPR: Get ready to make the headlines. 

Try out our new BBC iReporter game, putting you in the heart of the newsroom #BBCSchoolRe‚Ä¶",26,@BBC
-0.6486,Fri Mar 16 12:00:04 +0000 2018,0.762,0.238,0.0,"üòÇ Fights, funerals, and giant furry heads... @BBCThree lifts the lid on the lives of English football's mascots
üëâ‚Ä¶ https://t.co/gEYxoetlah",27,@BBC
0.5574,Fri Mar 16 10:45:24 +0000 2018,0.841,0.0,0.159,"RT @BBCRadio2: It's with a heavy heart that today we announce, after 18 fantastic years, @realLynnBowles is leaving Radio 2. üò¢

@realkenbru‚Ä¶",28,@BBC
0.0,Fri Mar 16 10:02:00 +0000 2018,1.0,0.0,0.0,Are you getting enough sleep? This simple test will tell you... ü•Ñüò¥#WorldSleepDay https://t.co/SP28dsdLSf,29,@BBC
0.4939,Fri Mar 16 09:35:56 +0000 2018,0.814,0.0,0.186,"RT @bbcthree: the dancing in taylor swift's new video seems pretty familiar 

CC @ChrisLilley https://t.co/MfA9usnqSb",30,@BBC
0.6486,Fri Mar 16 09:35:50 +0000 2018,0.813,0.0,0.187,"RT @BBCEngland: Oscar-winning British short film The Silent Child is to be shown on BBC One on Good Friday, giving UK viewers the first cha‚Ä¶",31,@BBC
0.0,Fri Mar 16 09:35:47 +0000 2018,1.0,0.0,0.0,RT @BBCScotlandNews: Meet Chloe - the five-year-old girl changing perceptions of Down's syndrome https://t.co/UNylRgDoY0 https://t.co/4ZjpI‚Ä¶,32,@BBC
0.4939,Fri Mar 16 09:35:43 +0000 2018,0.802,0.0,0.198,"RT @BBCWales: üåº Daffodils dance in the spring sunshine above Tenby harbour

üì∑ #Photooftheday ¬ª https://t.co/kNBVDzoYrZ https://t.co/OEQQWR7‚Ä¶",33,@BBC
0.4404,Fri Mar 16 09:00:03 +0000 2018,0.847,0.0,0.153,"üí™ After having his leg amputated, @MarkSmithBB is now training to become the world's strongest disabled man. https://t.co/BXlGp09hya",34,@BBC
0.6115,Fri Mar 16 08:30:05 +0000 2018,0.84,0.0,0.16,"üå∏üåªüå∫
Take a look at some of the strangest, scariest and most wonderful plants on the planet, and find out what makes‚Ä¶ https://t.co/AMFIAuRcxW",35,@BBC
-0.4019,Fri Mar 16 08:00:08 +0000 2018,0.828,0.172,0.0,üò¨üõ∞üåè Brace yourselves... a Chinese space station could be about to crash into earth. https://t.co/cPFxyUhRsq,36,@BBC
0.3327,Thu Mar 15 21:58:00 +0000 2018,0.809,0.0,0.191,Why were Ansel Adams photographs of America so important? #Civilisations https://t.co/8krOMxDz9C,37,@BBC
0.5574,Thu Mar 15 21:04:00 +0000 2018,0.613,0.108,0.278,"At a time in China when artists were persecuted, this painter secretly created beautiful landscapes. #Civilisations https://t.co/ApGgOkXX2w",38,@BBC
-0.3818,Thu Mar 15 19:30:04 +0000 2018,0.737,0.174,0.089,70% of children growing up in poverty in Scotland have a parent who is in work. https://t.co/NPY8FbCaf4,39,@BBC
-0.296,Thu Mar 15 18:30:06 +0000 2018,0.905,0.095,0.0,"No time in the mornings? 
üçØüçé Pop these in the fridge the night before to feed the family breakfast almost instantly‚Ä¶ https://t.co/FtuewpoBva",40,@BBC
0.34,Thu Mar 15 17:30:05 +0000 2018,0.882,0.0,0.118,üé®üñºÔ∏è Meet the amazing 84-year-old who‚Äôs never had an art lesson but painted a life-size replica of a Canaletto maste‚Ä¶ https://t.co/X39YxKuxKe,41,@BBC
0.5214,Thu Mar 15 13:52:24 +0000 2018,0.806,0.0,0.194,RT @BBCR1: .@CHVRCHES covering @The1975's 'Somebody Else' in the Live Lounge is so stunning üåπ https://t.co/djNHaPKlLi,42,@BBC
0.1901,Thu Mar 15 13:00:05 +0000 2018,0.821,0.0,0.179,"Tiny cookery. It's like regular cookery, but smaller. https://t.co/9Q0R2CiUVi",43,@BBC
0.0,Thu Mar 15 12:00:16 +0000 2018,1.0,0.0,0.0,"üö¢üéû Stars of the silver screen all at sea. 
üì∏üëâ https://t.co/YJ7PzhblOE https://t.co/PnHxJNmeok",44,@BBC
-0.4767,Thu Mar 15 10:45:00 +0000 2018,0.866,0.134,0.0,"BBC Economics Editor @bbckamal travels back to his old school to talk about real news, and it‚Äôs opposite, fake news‚Ä¶ https://t.co/CAKG8AbVn8",45,@BBC
-0.1779,Thu Mar 15 10:26:48 +0000 2018,0.766,0.132,0.102,RT @BBCr4today: Can you spot fake news? #BBCSchoolReport and John Humphrys are here to help... Play the game üëâ https://t.co/ulq1aviwP9 #r4t‚Ä¶,46,@BBC
0.0,Thu Mar 15 09:53:48 +0000 2018,1.0,0.0,0.0,"RT @BBCR1: The bike is back.
The lycra is BACK.

@GregJames' #Gregathlon for @SportRelief is back on the road to Ben Nevis! Today's challen‚Ä¶",47,@BBC
0.5411,Thu Mar 15 09:53:11 +0000 2018,0.868,0.0,0.132,RT @BBCSpringwatch: üòçüê≠ This adorable little wood mouse hit the jackpot when it came across this larder of tasty hedgehog food! Watch how it‚Ä¶,48,@BBC
0.0,Thu Mar 15 09:50:25 +0000 2018,1.0,0.0,0.0,RT @BBCTwo: üÜï CONFIRMED: The final series of #Episodes starts Friday 30 March on @BBCTwo! @matt_leblanc @stephenmangan üì∫üôå https://t.co/PeBz‚Ä¶,49,@BBC
0.0,Thu Mar 15 09:00:08 +0000 2018,1.0,0.0,0.0,Meet the Maasai woman standing up to female genital mutilation. https://t.co/CWUQB81bUz,50,@BBC
0.0,Thu Mar 15 08:30:08 +0000 2018,1.0,0.0,0.0,"üßÄüêÆ A farm dairy in south west Scotland believes it is leading the way for what it describes as 'ethical' cheese.
üëâ‚Ä¶ https://t.co/VyfVlaVR0u",51,@BBC
0.0,Thu Mar 15 08:00:04 +0000 2018,1.0,0.0,0.0,üöá When step-free access on London's Tube... isn't. https://t.co/62SPPru2ZP,52,@BBC
-0.6808,Wed Mar 14 21:14:04 +0000 2018,0.752,0.248,0.0,"No coffee after 2pm, no lie-ins and no phones in the bedroom...

One woman followed all the rules to find out what‚Ä¶ https://t.co/EoQcnBXGQ4",53,@BBC
0.0,Wed Mar 14 20:00:03 +0000 2018,1.0,0.0,0.0,üõ©Ô∏è The sky's the limit! https://t.co/eQgP9MDBCj,54,@BBC
0.0,Wed Mar 14 19:10:00 +0000 2018,1.0,0.0,0.0,"‚ÄúRemember to look up at the stars and not down at your feet.‚Äù

An extraordinary man whose work and legacy will live‚Ä¶ https://t.co/iM2vDxd8ET",55,@BBC
-0.7964,Wed Mar 14 19:04:03 +0000 2018,0.649,0.351,0.0,Britain's most iconic dog is in crisis. Catherine Tate investigates the serious health problems affecting the Briti‚Ä¶ https://t.co/pnTcQIQAi5,56,@BBC
0.0,Wed Mar 14 18:30:00 +0000 2018,1.0,0.0,0.0,"üîäüòµ This is trippy. 

#TonesDronesAndArpeggios | Watch on @BBCiPlayer https://t.co/Ylvgi0X3XV",57,@BBC
0.0,Wed Mar 14 17:30:00 +0000 2018,1.0,0.0,0.0,Would you use a cup made of used chewing gum?¬†https://t.co/3yFsUyeZAc,58,@BBC
0.8402,Wed Mar 14 16:43:32 +0000 2018,0.655,0.0,0.345,RT @BBCR1: Big thanks to #PiDay for giving us an excuse to re-share this video of Tom Hiddleston making it sound sexy üòç https://t.co/1VZuCI‚Ä¶,59,@BBC
0.4019,Wed Mar 14 16:20:43 +0000 2018,0.876,0.0,0.124,"RT @BBCTwo: In a change to tonight‚Äôs schedule, we‚Äôll now be showing a Horizon special from 1983 looking at Stephen Hawking's extraordinary‚Ä¶",60,@BBC
0.0,Wed Mar 14 14:38:04 +0000 2018,1.0,0.0,0.0,"üí´‚òÑ From the behaviour of black holes to the origin of the universe, these are the discoveries that made Stephen Haw‚Ä¶ https://t.co/Nep1Hu6Onj",61,@BBC
0.7783,Wed Mar 14 13:24:10 +0000 2018,0.726,0.0,0.274,"Broadcaster and comedian Jim Bowen, best known for hosting darts-based game show Bullseye in the 1980s and '90s, ha‚Ä¶ https://t.co/4d3xxj5e3X",62,@BBC
0.6779,Wed Mar 14 13:00:06 +0000 2018,0.618,0.0,0.382,"Pi(œÄ) = the most delicious number in the known universe. 
ü•ß #PiDay https://t.co/hjtJByH0XN",63,@BBC
0.561,Wed Mar 14 12:49:48 +0000 2018,0.826,0.0,0.174,"RT @BBCR1: üèîüö¥ #Gregathlon is GO! üö¥üèî

@GregJames is getting back on his bike to finish his HUGE challenge for @SportRelief. 

He starts his‚Ä¶",64,@BBC
0.6696,Wed Mar 14 12:17:18 +0000 2018,0.781,0.0,0.219,"RT @bbcgetinspired: üî¥ DANCERS NEEDED! üî¥

Do you know a dancer who would love this? üíÉüï∫ #TuesdayThoughts #GetInspired @birminghamcg22 #Birmin‚Ä¶",65,@BBC
-0.802,Wed Mar 14 12:12:32 +0000 2018,0.769,0.231,0.0,RT @BBCFOUR: Ruth Ellis was only 28 when she became the last woman hanged to death in the UK ‚Äì and it took place disturbingly recently. htt‚Ä¶,66,@BBC
0.3612,Wed Mar 14 12:03:05 +0000 2018,0.865,0.0,0.135,"üìö The Bard is credited with inventing several hundred English words. 

Test your knowledge of Bard-influenced corpo‚Ä¶ https://t.co/V3IfPC0kDm",67,@BBC
0.8176,Wed Mar 14 11:59:37 +0000 2018,0.598,0.052,0.351,"RT @BBCRadio4: Here is a perfect example of Stephen Hawking's extraordinary ability to make serious science genuinely popular
A 90-second e‚Ä¶",68,@BBC
0.3612,Wed Mar 14 11:56:23 +0000 2018,0.828,0.0,0.172,"RT @bbcthree: ""Having vitiligo is like having something that nobody else has."" https://t.co/IG2a06mxGV",69,@BBC
0.8625,Wed Mar 14 11:56:14 +0000 2018,0.719,0.0,0.281,RT @bbcouch: George has autism and other health conditions - but his love of skiing is helping him take on the outside world ‚õ∑‚ù§Ô∏è https://t.‚Ä¶,70,@BBC
0.0,Wed Mar 14 11:30:12 +0000 2018,1.0,0.0,0.0,"üí´ Stephen Hawking: A life in pictures.
üì∏ üëâ https://t.co/0NOtTi7lyD https://t.co/Q1yeTunvnY",71,@BBC
0.0,Wed Mar 14 10:27:40 +0000 2018,1.0,0.0,0.0,"'You could ask my dad any question.'

In memory of Stephen Hawking, here's an earlier interview with his daughter L‚Ä¶ https://t.co/6OQlwLfg2d",72,@BBC
0.0,Wed Mar 14 10:01:19 +0000 2018,1.0,0.0,0.0,RT @BBCArchive: Stephen Hawking first appeared on the BBC in the 1977 documentary The Key to the Universe: The Search for the Laws of Creat‚Ä¶,73,@BBC
0.5719,Wed Mar 14 09:00:05 +0000 2018,0.748,0.0,0.252,'I was homeless on these streets - I'm the perfect tour guide.' https://t.co/jxirkZzebu,74,@BBC
0.0,Wed Mar 14 08:35:41 +0000 2018,1.0,0.0,0.0,"Despite 8 million tonnes of plastic entering UK oceans each year, researchers can only account for where 1% of it e‚Ä¶ https://t.co/qHNjcKK9Ap",75,@BBC
0.0,Wed Mar 14 07:07:28 +0000 2018,1.0,0.0,0.0,Stephen Hawking had once written that he had motor neurone disease for practically all his adult life but said that‚Ä¶ https://t.co/6oyYB57iE6,76,@BBC
-0.5574,Wed Mar 14 07:03:36 +0000 2018,0.87,0.13,0.0,RT @BBCr4today: This morning: World renowned physicist Stephen Hawking has died at the age of 76. Here he is reading an extract from his 19‚Ä¶,77,@BBC
0.3612,Wed Mar 14 06:28:18 +0000 2018,0.683,0.116,0.201,"RT @BBCWorld: A brilliant mind,

wicked sense of humor

and a heart big enough to hold the universe. ‚≠êüöÄ

Rest among the stars, Stephen Hawk‚Ä¶",78,@BBC
-0.5574,Wed Mar 14 06:21:50 +0000 2018,0.783,0.217,0.0,"üíî World renowned physicist Stephen Hawking has died at the age of 76.
https://t.co/WxYeUddUJB https://t.co/Sbl0zn1Dma",79,@BBC
0.0,Tue Mar 13 20:00:05 +0000 2018,1.0,0.0,0.0,"Wakanda has Black Panther. 

 Senegal has Sandale-man. https://t.co/T9JnB3pNeq",80,@BBC
0.0,Tue Mar 13 19:00:05 +0000 2018,1.0,0.0,0.0,‚öî Charis is 19 years old and makes SWORDS for a living! https://t.co/kUUiAjIwNu,81,@BBC
0.0,Tue Mar 13 18:30:05 +0000 2018,1.0,0.0,0.0,"Microplastics are littering riverbeds across the UK, with hundreds of thousands of plastic particles per square met‚Ä¶ https://t.co/cGhDdnQrTm",82,@BBC
0.6696,Tue Mar 13 17:30:06 +0000 2018,0.71,0.0,0.29,‚ù§Ô∏èüíÉüèª Ballet is STILL the love of Joyce's life at 98-years-old! https://t.co/nzr3Jy1wbS,83,@BBC
-0.296,Tue Mar 13 17:16:46 +0000 2018,0.913,0.087,0.0,"RT @bbcthree: ""No one needs airbags because you've got two"" 

.... and others things not to say to people who've had cosmetic procedures ht‚Ä¶",84,@BBC
0.3182,Tue Mar 13 17:13:13 +0000 2018,0.897,0.0,0.103,"RT @BBCR1: Now we have a trailer for #FantasticBeasts: The Crimes of Grindelwald, please can we take a moment to discuss Eddie Redmanyne's‚Ä¶",85,@BBC
-0.5255,Tue Mar 13 17:02:28 +0000 2018,0.72,0.188,0.092,"RT @bbcwritersroom: #Networking, a necessary evil - and why you've got to learn to embrace it! 

Check out @PhilipShelley1's latest blog fo‚Ä¶",86,@BBC
0.6808,Tue Mar 13 14:00:22 +0000 2018,0.702,0.054,0.244,"From making serious science genuinely popular to his sense of humour, here are seven reasons we ‚ù§Ô∏è Stephen Hawking.‚Ä¶ https://t.co/zWNEpoOttE",87,@BBC
0.4215,Tue Mar 13 13:00:08 +0000 2018,0.865,0.0,0.135,üé® This scheme to recycle unused paint has saved hundreds of tons of leftovers from ending up in landfill. https://t.co/Y6oau3hK0s,88,@BBC
0.0258,Tue Mar 13 12:26:59 +0000 2018,0.824,0.086,0.09,üôÖüíå Fans of #KPop boyband #BigBang have been asked to stop sending fan mail to @IBGDRGN at the army base where he's‚Ä¶ https://t.co/Swh0KwypL7,89,@BBC
0.0,Tue Mar 13 12:03:24 +0000 2018,1.0,0.0,0.0,"RT @bbcouch: During the Winter Olympics people across Britain were swept away by curling. And Aileen Neilson, captain of @ParalympicsGB‚Äôs c‚Ä¶",90,@BBC
0.25,Tue Mar 13 12:00:09 +0000 2018,0.9,0.0,0.1,"Shakespeare's plays are famous around the world, yet much about the playwright is still a mystery. 

Here's what we‚Ä¶ https://t.co/McqCcs3mMj",91,@BBC
-0.431,Tue Mar 13 11:28:09 +0000 2018,0.808,0.192,0.0,"RT @bbcthree: ""Underwater you feel nothing. You're at peace with yourself.""  #perfectday2018 https://t.co/zHpEQSzk4H",92,@BBC
-0.4588,Tue Mar 13 11:26:58 +0000 2018,0.88,0.12,0.0,"RT @BBCiPlayer: Renowned shop owner and music producer, Blacker Dread, was amongst the first pioneers of sound system culture in the UK üáØüá≤‚Ä¶",93,@BBC
0.0,Tue Mar 13 09:00:06 +0000 2018,1.0,0.0,0.0,"ü§î Are we really born to prefer 'boys' or 'girls' toys? 

üêí The answer might lie with monkeys... https://t.co/oI014dsJHD",94,@BBC
0.6304,Tue Mar 13 08:30:07 +0000 2018,0.718,0.081,0.2,"üó£ Accents can be subject to subtle forms of prejudice, but does that mean some are more appealing and trustworthy t‚Ä¶ https://t.co/BgEMXgEzSr",95,@BBC
-0.0772,Tue Mar 13 08:00:03 +0000 2018,0.76,0.129,0.111,Marianne's search for her missing daughter could be straight out of the film #ThreeBillboards. https://t.co/dph6hhzlXi,96,@BBC
0.5515,Mon Mar 12 20:17:27 +0000 2018,0.771,0.0,0.229,"RT @BBCOne: ‚ù§Ô∏è Edina, but kind of glad she's not our mum. https://t.co/lQINpsfQuA",97,@BBC
-0.7003,Mon Mar 12 20:16:22 +0000 2018,0.599,0.303,0.099,"RT @BBCnireland: Christopher suffered a severe, life-changing, brain injury. It changed his life and the life of his family. True North: My‚Ä¶",98,@BBC
0.2263,Mon Mar 12 19:23:01 +0000 2018,0.84,0.0,0.16,üåä These three women are leading the way in ocean exploration. https://t.co/qwkMRVMiNl,99,@BBC
0.6166,Sat Mar 17 17:42:43 +0000 2018,0.839,0.0,0.161,How is your bracket looking after last night? Stream Second Round games LIVE today with a FREE trial of CBS All Acc‚Ä¶ https://t.co/25JlIpgwog,0,@CBS
0.7096,Sat Mar 17 14:00:03 +0000 2018,0.753,0.0,0.247,Where better to spend #StPatricksDay than the place everybody knows your name? It‚Äôs just your luck that every singl‚Ä¶ https://t.co/Fom5wmdENL,1,@CBS
0.296,Fri Mar 16 22:53:21 +0000 2018,0.896,0.0,0.104,Stars @JakeMcDorman and Nik Dodani will join the cast in the upcoming revival of Murphy Brown coming to CBS.‚Ä¶ https://t.co/JCAx29lo0i,2,@CBS
0.0,Fri Mar 16 18:15:53 +0000 2018,1.0,0.0,0.0,"RT @thegoodfight: Go behind the scenes with costume designer @DanLawsonStyle in ""Behind The Style,"" a new weekly video series all about the‚Ä¶",3,@CBS
0.6514,Fri Mar 16 16:28:40 +0000 2018,0.822,0.0,0.178,The games have just begun! Continue to stream First Round games LIVE today with a FREE trial of CBS All Access:‚Ä¶ https://t.co/YTGsJ48zYP,4,@CBS
0.7088,Thu Mar 15 17:54:06 +0000 2018,0.763,0.0,0.237,"RT @TheTalkCBS: You asked, we answered! The fun never ends when the ladies #KeepTalking and answer your fan questions üó£üí¨‚û°Ô∏è https://t.co/ie1‚Ä¶",5,@CBS
-0.4939,Thu Mar 15 17:20:26 +0000 2018,0.766,0.157,0.077,RT @instinctcbs: Dr. Dylan Reinhart is lured back into the field from his life of quiet academia when a certain serial killer makes things‚Ä¶,6,@CBS
0.6514,Thu Mar 15 16:42:41 +0000 2018,0.806,0.0,0.194,Stream First Round games LIVE today starting at 12PM ET with a FREE trial of CBS All Access! https://t.co/3P85rXLy4b https://t.co/vZow3YD8cb,7,@CBS
0.6115,Thu Mar 15 14:32:16 +0000 2018,0.734,0.0,0.266,RT @CBSSports: It's the most wonderful time of the year. #MarchMadness https://t.co/e4c9qohqSR,8,@CBS
0.6696,Wed Mar 14 19:30:01 +0000 2018,0.781,0.0,0.219,"Give these ladies some love! @Lauren_Alaina, @DBradbery, @carlypearce, and @RaeLynn are nominated for New Female Vo‚Ä¶ https://t.co/IVhwURfJ3S",9,@CBS
0.3612,Tue Mar 13 18:48:52 +0000 2018,0.857,0.0,0.143,"RT @ManWithAPlan: Hungry for more #ManWithAPlan bloopers and behind-the-scenes videos featuring cast like @matt_leblanc, @thelizasnyder, @k‚Ä¶",10,@CBS
0.539,Tue Mar 13 14:15:10 +0000 2018,0.821,0.0,0.179,"Music stars @MileyCyrus, @edsheeran, @ladygaga, and more will honor the legendary @eltonofficial and his hit songs‚Ä¶ https://t.co/UzxARCCLnI",11,@CBS
0.2244,Mon Mar 12 18:13:28 +0000 2018,0.917,0.0,0.083,RT @thegoodfight: The verdict is in. The new season of #TheGoodFight is üî•üî•üî•! Stream it now on CBS All Access: https://t.co/FkYSNSXlRb https‚Ä¶,12,@CBS
0.0,Mon Mar 12 01:20:43 +0000 2018,1.0,0.0,0.0,"RT @MadamSecretary: In less than an hour, #MadamSecretary's Keith Carradine will be taking over the @MadamSecretary Twitter page! Tweet alo‚Ä¶",13,@CBS
0.4926,Fri Mar 09 22:48:26 +0000 2018,0.883,0.0,0.117,RT @DierksBentley: Take and post a photo of the woman in your life who inspires you daily! Use the hashtag #WomanAmenACM in your post for a‚Ä¶,14,@CBS
0.1275,Fri Mar 09 22:24:20 +0000 2018,0.795,0.092,0.113,"RT @MomCBS: If you missed guest star @KChenoweth in the latest episode of #Mom, not to worry! Watch now: https://t.co/RlvXoGOZ0l https://t.‚Ä¶",15,@CBS
0.4215,Fri Mar 09 21:10:21 +0000 2018,0.823,0.0,0.177,"Give a round of applause to @KelseaBallerini, @MirandaLambert, @Reba, @MarenMorris, and @CarrieUnderwood, the five‚Ä¶ https://t.co/Ncp1BTXx6N",16,@CBS
0.8658,Fri Mar 09 18:27:28 +0000 2018,0.553,0.0,0.447,"RT @thegoodfight: Smart, sexy, and sophisticated. See what's coming this season on #TheGoodFight. https://t.co/CuKhx2G50P https://t.co/ygTI‚Ä¶",17,@CBS
0.0,Fri Mar 09 16:02:27 +0000 2018,1.0,0.0,0.0,RT @BlueBloods_CBS: Even stand-up guys fall down sometimes. #BlueBloods is new tonight at 10/9c! https://t.co/UOlDm22wWW,18,@CBS
0.8625,Thu Mar 08 18:00:49 +0000 2018,0.664,0.0,0.336,Today and every day we celebrate the women in our lives who empower and inspire us. Share a story about an¬†influent‚Ä¶ https://t.co/9rVtqrElvT,19,@CBS
0.4926,Thu Mar 08 17:03:04 +0000 2018,0.868,0.0,0.132,Take and post a photo of the woman in your life who inspires you daily! Use the hashtag #WomanAmenACM in your post‚Ä¶ https://t.co/7ShhvE48zy,20,@CBS
-0.2023,Wed Mar 07 18:39:10 +0000 2018,0.619,0.23,0.15,"RT @thegoodfight: Meticulously constructed. Soapy &amp; sexy. Intoxicating, savage television. üî• Here's what critics are saying about #TheGoodF‚Ä¶",21,@CBS
0.0,Wed Mar 07 17:06:02 +0000 2018,1.0,0.0,0.0,"This just in! @Jason_Aldean, @mirandalambert, @LukeBryanOnline, and many more are set to perform at the 53rd Academ‚Ä¶ https://t.co/mfxw2VxzU4",22,@CBS
0.6705,Tue Mar 06 18:10:59 +0000 2018,0.756,0.0,0.244,"Meet the ensemble of talented actors slated to join $1, a new mystery series coming to CBS All Access:‚Ä¶ https://t.co/QoyYv7vxwg",23,@CBS
0.3818,Mon Mar 05 22:16:43 +0000 2018,0.833,0.0,0.167,"Will @Jason_Aldean, @garthbrooks, @LukeBryanOnline, @ChrisStapleton, or @KeithUrban be named Entertainer Of The Yea‚Ä¶ https://t.co/rMD8zjeX3s",24,@CBS
0.4404,Sun Mar 04 08:05:26 +0000 2018,0.884,0.0,0.116,"RT @thegoodfight: It feels good to be back. üë†üíÑüî• The season 2 premiere of #TheGoodFight is now streaming, exclusively on CBS All Access: htt‚Ä¶",25,@CBS
0.0,Sat Mar 03 20:55:20 +0000 2018,1.0,0.0,0.0,"RT @thegoodfight: Tomorrow, #TheGoodFight is back. Stream the season 2 premiere only on CBS All Access: https://t.co/tNFR8LBJO2 https://t.c‚Ä¶",26,@CBS
0.7096,Fri Mar 02 22:30:01 +0000 2018,0.753,0.0,0.247,"Who are the trailblazing women in your life that inspire you? Join CBS and the ANA's #SeeHer initiative, celebratin‚Ä¶ https://t.co/M0KqZ41Bes",27,@CBS
0.7096,Fri Mar 02 20:30:01 +0000 2018,0.718,0.0,0.282,"Join @maria_bello, @aishatyler and @TeaLeoni in celebrating the accomplishments of women who have contributed to th‚Ä¶ https://t.co/MefESBeFL3",28,@CBS
0.4939,Fri Mar 02 18:45:00 +0000 2018,0.849,0.0,0.151,"In honor of Women's History Month, CBS and the Association of National Advertisers' (ANA) #SeeHer initiative will p‚Ä¶ https://t.co/2wtYxKJVuO",29,@CBS
-0.6981,Thu Mar 01 18:59:01 +0000 2018,0.79,0.21,0.0,RT @ZoeListerJones: Tonight‚Äôs an all new Life In Pieces and it‚Äôs directed by my ride or die @nataliaanderson!!!‚Ä¶ https://t.co/2LPfmyLWrY,30,@CBS
0.4547,Thu Mar 01 18:12:57 +0000 2018,0.749,0.092,0.159,"RT @MarenMorris: Hot damn! Woke up from my post-wisdom teeth haze to find out I‚Äôm up for 4 @ACMawards ! So honored, especially for the Dear‚Ä¶",31,@CBS
0.8591,Thu Mar 01 18:11:50 +0000 2018,0.462,0.0,0.538,RT @KelseaBallerini: Ohhhhh goodness. Incredible. Thank you thank you thank you. #female https://t.co/1ZTYjNfQeF,32,@CBS
0.4885,Thu Mar 01 18:10:50 +0000 2018,0.615,0.151,0.234,RT @KeithUrban: ACMs...... HOLY SMOKES!!!!! MAD LOVE TO U ALL THIS MORNING  FOR THESE INCREDIBLE NOMINATIONS. I‚ÄôM EXTREMELY GRATEFUL!!!!!!!‚Ä¶,33,@CBS
0.5994,Thu Mar 01 14:36:21 +0000 2018,0.822,0.0,0.178,"RT @ACMawards: Congratulations to this year‚Äôs #ACMawards Video of the Year nominees:
‚ÄúBlack‚Äù - @DierksBentley
‚ÄúIt Ain‚Äôt My Fault‚Äù - @Brothe‚Ä¶",34,@CBS
0.7717,Thu Mar 01 14:29:20 +0000 2018,0.675,0.0,0.325,"RT @ACMawards: Please give a round of applause to this year‚Äôs #ACMawards Entertainer of the Year nominees: @Jason_Aldean, @GarthBrooks, @Lu‚Ä¶",35,@CBS
0.6908,Thu Mar 01 14:15:29 +0000 2018,0.725,0.0,0.275,".@ChrisStapleton, @ThomasRhett, @mirandalambert and more are all nominated for awards at Country Music's Party of t‚Ä¶ https://t.co/Vm1vXRUDYJ",36,@CBS
0.0,Thu Mar 01 13:50:11 +0000 2018,1.0,0.0,0.0,"The Queen of Country, @Reba, is returning to host the 53rd #ACMawards on Sunday, April 15 at 8/7c. Here are a few o‚Ä¶ https://t.co/Iqzz6Gql01",37,@CBS
0.0,Thu Mar 01 01:04:52 +0000 2018,1.0,0.0,0.0,RT @survivorcbs: It‚Äôs time! #Survivor https://t.co/YPk6cGWrUA,38,@CBS
0.0,Wed Feb 28 19:56:58 +0000 2018,1.0,0.0,0.0,"RT @CBSThisMorning: TOMORROW: The nominees for the 2018 @ACMawards will be announced live by the one-and-only, @Reba! 

Watch on @CBS in ou‚Ä¶",39,@CBS
0.4404,Wed Feb 28 19:08:30 +0000 2018,0.884,0.0,0.116,"RT @thegoodfight: From the set design and costumes to hair and makeup, the production quality is truly next-level. Take a peek inside the u‚Ä¶",40,@CBS
0.5562,Tue Feb 27 03:23:47 +0000 2018,0.848,0.0,0.152,RT @LivinBiblically: The fun continues on Facebook! The #LivingBiblically cast is live to talk about tonight‚Äôs premiere. Tune in here: http‚Ä¶,41,@CBS
0.0,Mon Feb 26 22:50:32 +0000 2018,1.0,0.0,0.0,"RT @KevinCanWaitCBS: Can you get all the way through these #KevinCanWait bloopers without laughing?! @KevinJames,@LeahRemini and the rest o‚Ä¶",42,@CBS
0.0,Mon Feb 26 21:08:30 +0000 2018,1.0,0.0,0.0,"RT @ACMawards: That‚Äôs right! @Reba is headed to @CBSThisMorning on Thursday, March 1 to announce this year‚Äôs #ACMAwards' nominees. Tune in‚Ä¶",43,@CBS
0.4482,Mon Feb 26 19:53:41 +0000 2018,0.895,0.0,0.105,"RT @ScorpionCBS: You can't hack your way to a 197 IQ, but you are well on your way with these Genius Facts from #TeamScorpion! üíª You can be‚Ä¶",44,@CBS
0.784,Mon Feb 26 18:32:36 +0000 2018,0.734,0.0,0.266,RT @SuperiorDonuts: You can always count on @DavidKoechner for a laugh! Did your favorite Tush moment make the list? Catch a new #SuperiorD‚Ä¶,45,@CBS
0.9359,Mon Feb 26 18:20:16 +0000 2018,0.571,0.0,0.429,RT @TheTalkCBS: TODAY: We loved them together then &amp; we love seeing them together now! Welcome back to the show @THESaraGilbert‚Äã's good fri‚Ä¶,46,@CBS
-0.5423,Mon Feb 26 16:53:56 +0000 2018,0.816,0.184,0.0,"RT @thegoodfight: As foundations begin to crumble, our characters struggle to make sense of this new dystopian world. The cast teases what'‚Ä¶",47,@CBS
0.0,Mon Feb 26 16:52:01 +0000 2018,1.0,0.0,0.0,"#LivingBiblically's @linzkraft and @jrfergjr appeared on @KCBS's Facebook Live this morning, talking all about what‚Ä¶ https://t.co/4RebcHuuMQ",48,@CBS
0.0,Mon Feb 26 16:17:55 +0000 2018,1.0,0.0,0.0,"RT @CBSSports: Introducing CBS Sports HQ, a New 24/7 Direct-to-Consumer Streaming Network for Sports News, Highlights, &amp; Analysis.

Stream‚Ä¶",49,@CBS
0.7644,Mon Feb 26 01:12:32 +0000 2018,0.769,0.0,0.231,"RT @CBSBigBrother: It‚Äôs down to the final 5 celebrity Houseguests, and anyone could take home the grand prize! Tune in NOW to watch the #BB‚Ä¶",50,@CBS
0.0,Sun Feb 25 21:51:32 +0000 2018,1.0,0.0,0.0,RT @startrekcbs: Binge the entire first season of #StarTrekDiscovery. All episodes now streaming exclusively on CBS All Access: https://t.c‚Ä¶,51,@CBS
0.0,Sun Feb 25 21:51:22 +0000 2018,1.0,0.0,0.0,"RT @thegoodfight: #TheGoodFight returns in 1 week. Season 2 premieres Sunday, March 4. https://t.co/nomCao1GWp https://t.co/BOn6bOe9Tb",52,@CBS
0.5093,Fri Feb 23 18:15:40 +0000 2018,0.845,0.0,0.155,RT @thegoodfight: This is our new favorite thing. Christine Baranski debuted #TheGoodFight the Musical on @colbertlateshow last night! üéµüé§‚Ä¶,53,@CBS
0.0,Thu Feb 22 19:26:52 +0000 2018,1.0,0.0,0.0,"RT @LivinBiblically: Confession time: have YOU ever hit the ""close door"" button in an elevator while somebody was approaching? The cast of‚Ä¶",54,@CBS
0.0,Wed Feb 21 19:20:04 +0000 2018,1.0,0.0,0.0,RT @CBSEyeSpeak: Mark your calendars! #CBSEyeSpeak kicks off March 14 with The EYE Speak Summit. Follow our page for more details! https://‚Ä¶,55,@CBS
0.6808,Wed Feb 21 18:19:25 +0000 2018,0.752,0.0,0.248,"RT @CBSEyeSpeak: Proud to announce a new CBS initiative, promoting female empowerment and developing the next generation of leaders through‚Ä¶",56,@CBS
0.4404,Tue Feb 20 19:55:19 +0000 2018,0.884,0.0,0.116,"RT @LivinBiblically: When you're living by the Bible, it's good to have a priest and a rabbi on call (provided they answer their phones, th‚Ä¶",57,@CBS
-0.4019,Tue Feb 20 17:58:18 +0000 2018,0.881,0.119,0.0,"RT @thegoodfight: Chicago lawyers are being hunted and the world is going insane. 

The new season of #TheGoodFight premieres Sunday, March‚Ä¶",58,@CBS
0.3612,Tue Feb 20 17:39:51 +0000 2018,0.872,0.0,0.128,Ready for some larger than life competition? This new series from @MarkBurnettTV will premiere in summer 2018.‚Ä¶ https://t.co/gDXHLdIJ5v,59,@CBS
0.6124,Sat Feb 17 01:07:20 +0000 2018,0.773,0.0,0.227,"With tournament dreams on the line, make sure to stream these college basketball matchups on CBS All Access:‚Ä¶ https://t.co/SGkYUZrQWB",60,@CBS
0.3182,Fri Feb 16 18:42:43 +0000 2018,0.892,0.0,0.108,"RT @LivinBiblically: While Chip's sticking to the Bible's original rules, the cast of #LivingBiblically has given them a more modern makeov‚Ä¶",61,@CBS
0.68,Fri Feb 16 17:48:20 +0000 2018,0.752,0.0,0.248,"Casting News! Peter Mark Kendall, Michael Gaston, Greg Wise, Rade ≈†erbed≈æija, Zack Pearlman, and Keye Chen join the‚Ä¶ https://t.co/GFob2KrD8H",62,@CBS
0.8619,Wed Feb 14 19:23:27 +0000 2018,0.534,0.0,0.466,RT @BullCBS: The verdict is in...#Bull is the perfect Valentine! ‚ù§Ô∏è Happy #ValentinesDay! https://t.co/poEejI4AnC,63,@CBS
0.0,Tue Feb 13 20:03:56 +0000 2018,1.0,0.0,0.0,"RT @NoActivityCBS: Car 27 reporting: Season 2 of #NoActivity coming soon!

Binge season one now on CBS All Access: https://t.co/yvxoQMeyhN‚Ä¶",64,@CBS
0.7506,Tue Feb 13 18:54:52 +0000 2018,0.748,0.0,0.252,"RT @LivinBiblically: Against all odds (and the advice of his God Squad), Chip is determined to live life by the Good Book. Think you could‚Ä¶",65,@CBS
0.0,Mon Feb 12 18:49:45 +0000 2018,1.0,0.0,0.0,RT @thegoodfight: Christine Baranski reflects upon the spectacular metamorphosis of her character in #TheGoodFight's first season. Revisit‚Ä¶,66,@CBS
0.0,Mon Feb 12 01:32:33 +0000 2018,1.0,0.0,0.0,RT @startrekcbs: Binge the entire first season of #StarTrekDiscovery. All 15 episodes now streaming on CBS All Access: https://t.co/lKLaptP‚Ä¶,67,@CBS
0.8478,Fri Feb 09 00:50:01 +0000 2018,0.696,0.0,0.304,RT @SuperiorDonuts: Looking for a #Valentine? Tush is here to help you land your dream date just in time for the day of love! #SuperiorDonu‚Ä¶,68,@CBS
-0.5859,Thu Feb 08 16:09:35 +0000 2018,0.814,0.186,0.0,RT @CBSBigBrother: The pressure is on as the Houseguests battle each other for victory in the first HOH competition. Stream the season prem‚Ä¶,69,@CBS
0.0516,Wed Feb 07 18:35:19 +0000 2018,0.934,0.0,0.066,"RT @startrekcbs: Sunday, this season's epic journey reaches its final reckoning. Catch up before the season finale: https://t.co/4Ea5wpmAep‚Ä¶",70,@CBS
0.5574,Wed Feb 07 16:17:48 +0000 2018,0.536,0.152,0.312,"Are you a sucker for jaw-dropping talent competitions? Announcing The World's Best, a first-of-its-kind new global‚Ä¶ https://t.co/fagCMklm2Z",71,@CBS
0.0,Tue Feb 06 22:21:39 +0000 2018,1.0,0.0,0.0,"RT @BullCBS: Tonight, one of these 3 TAC employees will end up incarcerated. Who do you think it will be? Tune into a new episode of #Bull‚Ä¶",72,@CBS
0.0772,Tue Feb 06 17:05:49 +0000 2018,0.773,0.106,0.121,"RT @thegoodfight: There's no season like lawyer season. #TheGoodFight returns March 4, exclusively on CBS All Access. https://t.co/XAlrg1nB‚Ä¶",73,@CBS
0.0,Sun Feb 04 15:35:36 +0000 2018,1.0,0.0,0.0,"RT @thegoodfight: The acclaimed series returns in 1 month. #TheGoodFight is back Sunday, March 4. https://t.co/5BNLTYRd8p https://t.co/yInP‚Ä¶",74,@CBS
0.1531,Sun Feb 04 12:00:01 +0000 2018,0.882,0.0,0.118,".@KeshaRose's emotional performance with @CyndiLauper, @AndraDayMusic, @BebeRexha and @Camila_Cabello brought the a‚Ä¶ https://t.co/qpgS2e9ir0",75,@CBS
0.0,Sat Feb 03 23:11:43 +0000 2018,1.0,0.0,0.0,Broadway legend Patti LuPone paid tribute to Sir Andrew Lloyd Webber with a show-stopping rendition of the iconic s‚Ä¶ https://t.co/GxqLtUzhFP,76,@CBS
0.8268,Sat Feb 03 12:00:07 +0000 2018,0.662,0.0,0.338,"Relive an entire night's worth of big wins, live performances and many more inspiring moments from The 60th Annual‚Ä¶ https://t.co/CH7mJ4Y3QT",77,@CBS
-0.0772,Fri Feb 02 22:36:13 +0000 2018,0.925,0.075,0.0,RT @swatcbs: ‚ú®@TheTalkCBS' @TheRealEve and @ShemarMoore brought some serious heat to the GRAMMYs red carpet: https://t.co/WYTITKkLQd https:‚Ä¶,78,@CBS
0.4019,Fri Feb 02 20:07:40 +0000 2018,0.856,0.0,0.144,"The all-star collaboration between @Rihanna, @DJKhaled and @brysontiller brought the party to the #GRAMMYs with a s‚Ä¶ https://t.co/jTv5QbtgUp",79,@CBS
0.4003,Fri Feb 02 19:03:33 +0000 2018,0.876,0.0,0.124,RT @TheTalkCBS: All the #redcarpet looks from the 60th annual #GRAMMYs! Did you catch @TheRealEve's sparkly two-piece suit? Diamond accents‚Ä¶,80,@CBS
0.6114,Fri Feb 02 17:23:18 +0000 2018,0.834,0.0,0.166,Go backstage with the celebs and see which stars celebrated the big night together! Here are the moments you missed‚Ä¶ https://t.co/rgQTXRQyLg,81,@CBS
0.0,Thu Feb 01 22:04:41 +0000 2018,1.0,0.0,0.0,üé∂ @DearEvanHansen star Ben Platt gave a soaring performance of a classic Broadway hit. Watch him perform 'Somewhere‚Ä¶ https://t.co/HcuizFWo02,82,@CBS
0.0,Thu Feb 01 20:09:49 +0000 2018,1.0,0.0,0.0,"üé∏ @LittleBigTown, @U2, @BrunoMars and @Pink are just a few of the superstar performers that lit up the stage at The‚Ä¶ https://t.co/2v0MNYMItG",83,@CBS
0.1139,Wed Jan 31 21:42:15 +0000 2018,0.912,0.0,0.088,"Don't miss country stars Emmylou Harris and @ChrisStapleton perform a moving rendition of @TomPetty's classic song,‚Ä¶ https://t.co/GxoIW97XIu",84,@CBS
0.1007,Wed Jan 31 17:05:47 +0000 2018,0.75,0.115,0.135,RT @survivorcbs: Get excited! üôå It‚Äôs finally time to meet the castaways of #Survivor: Ghost Island ‚ò† https://t.co/xQQ8ROhKbM https://t.co/P‚Ä¶,85,@CBS
0.4588,Wed Jan 31 16:37:17 +0000 2018,0.812,0.0,0.188,"Country stars @EricChurch, @BrothersOsborne and @MarenMorris performed a touching tribute dedicated to the victims‚Ä¶ https://t.co/YCIq9i70fd",86,@CBS
0.1779,Wed Jan 31 06:55:30 +0000 2018,0.779,0.095,0.126,Missed the Man vs. Beast #SuperBowlCommercials showdown? Catch up now to find out which entertaining ad was named t‚Ä¶ https://t.co/SlyO0n7yMX,87,@CBS
-0.2263,Wed Jan 31 02:15:16 +0000 2018,0.569,0.252,0.179,"RT @rikimae: Ok, that one makes me cry #superbowlcommercials",88,@CBS
-0.4767,Wed Jan 31 01:58:40 +0000 2018,0.744,0.256,0.0,"If this doesn‚Äôt make you cry, nothing will. #SuperBowlCommercials https://t.co/UjFf3xr4so",89,@CBS
0.4939,Wed Jan 31 01:52:46 +0000 2018,0.625,0.119,0.256,"RT @maverickkr: #superbowlcommercials the frogs were great, I'd forgotten about that one.",90,@CBS
0.5093,Wed Jan 31 01:49:43 +0000 2018,0.81,0.0,0.19,"If you haven't voted yet, it's not too late! Choose your favorite here: https://t.co/s4pEIF5IX8‚Ä¶ https://t.co/VCa1YHDyYy",91,@CBS
0.8261,Wed Jan 31 01:31:27 +0000 2018,0.566,0.0,0.434,RT @5691e44f3b66446: I am having so much fun ...the commercials are awesome #superbowlcommercials,92,@CBS
0.8309,Wed Jan 31 01:29:10 +0000 2018,0.586,0.0,0.414,RT @LittleShelbyMae: Love watching the #superbowlcommercials all the animal ones are my favorite!!,93,@CBS
0.6588,Wed Jan 31 01:24:16 +0000 2018,0.614,0.0,0.386,RT @PatHale915: Doritos time machine was great!   #superbowlcommercials,94,@CBS
-0.5106,Wed Jan 31 01:18:37 +0000 2018,0.602,0.398,0.0,Never make a goat angry. #SuperBowlCommercials https://t.co/xRJssdAErk,95,@CBS
0.0,Wed Jan 31 01:17:37 +0000 2018,1.0,0.0,0.0,RT @MsLindsieStarr: That dang goat! #Doritos #superbowlcommercials,96,@CBS
0.7525,Wed Jan 31 01:16:15 +0000 2018,0.651,0.0,0.349,Do you remember this Super Bowl commercial featuring @KevinHart4real playing an overprotective father?‚Ä¶ https://t.co/ejLnTEG5ug,97,@CBS
0.0,Wed Jan 31 01:08:01 +0000 2018,1.0,0.0,0.0,RT @dRoy: Homework will take a break for now. #superbowlcommercials on cbs is on üëå,98,@CBS
0.8516,Wed Jan 31 01:04:34 +0000 2018,0.42,0.0,0.58,RT @Mixxxalv: Watching #superbowlcommercials let the best win!,99,@CBS
-0.34,Sat Mar 17 18:45:03 +0000 2018,0.888,0.112,0.0,Former CIA Director John Brennan to responds to President Trump's tweet about the firing of former FBI deputy direc‚Ä¶ https://t.co/zMoZ1woD8i,0,@CNN
0.0,Sat Mar 17 18:30:03 +0000 2018,1.0,0.0,0.0,Former FBI Deputy Director Andrew McCabe has memos documenting his conversations with President Trump‚Ä¶ https://t.co/DrqYqyqSBM,1,@CNN
0.0,Sat Mar 17 18:15:31 +0000 2018,1.0,0.0,0.0,These notable landmarks around the world turn green on St. Patrick's Day https://t.co/2G6VHmFibt https://t.co/5YBTqTrh6A,2,@CNN
-0.5106,Sat Mar 17 18:00:10 +0000 2018,0.769,0.231,0.0,Maine House GOP candidate who insulted Parkland students drops out https://t.co/q2vnJAsRbu https://t.co/v4vUjLO6ki,3,@CNN
0.4019,Sat Mar 17 17:45:07 +0000 2018,0.863,0.0,0.137,"There's a high-stakes race for tax breaks that could help low-income communities, write Maurice Jones and Rip Rapso‚Ä¶ https://t.co/IF4IJ79ZkN",4,@CNN
-0.2023,Sat Mar 17 17:30:06 +0000 2018,0.825,0.108,0.067,The CNN anchors are battling each other in a #MarchMadness bracket challenge. @DrSanjayGupta is leading the pack at‚Ä¶ https://t.co/CiqRN7bYd5,5,@CNN
0.0,Sat Mar 17 17:15:00 +0000 2018,1.0,0.0,0.0,The Chicago River turns green for St. Patrick's Day. This time-lapse video shows the handiwork of the Chicago Plumb‚Ä¶ https://t.co/YlKDblgxF8,6,@CNN
-0.6908,Sat Mar 17 17:00:10 +0000 2018,0.678,0.322,0.0,Russia expels 23 UK diplomats as fallout over nerve agent attack grows https://t.co/xFAQmmnmui https://t.co/sKfCu9JUFE,7,@CNN
0.8271,Sat Mar 17 16:45:06 +0000 2018,0.558,0.0,0.442,"This ""aisaika,"" or ""adoring husband"" in Japanese, shares 5 rules for a better marriage  https://t.co/33Fj8epV31 https://t.co/AT55B30vqP",8,@CNN
0.0,Sat Mar 17 16:30:04 +0000 2018,1.0,0.0,0.0,FIFA gives Video Assistant Referees the green light for the 2018 World Cup https://t.co/cQIMGGSWUz https://t.co/SqirlfIMNr,9,@CNN
0.0,Sat Mar 17 16:15:08 +0000 2018,1.0,0.0,0.0,Conservation groups oppose pro-hunting slant of new Trump administration panel https://t.co/knWqz2i3PQ https://t.co/FRmMsObjcA,10,@CNN
0.765,Sat Mar 17 16:00:17 +0000 2018,0.68,0.0,0.32,President Trump rewards loyalty in Nevada and shows the power he wields over GOP https://t.co/mrZpCXrgYh https://t.co/GXNumvoctn,11,@CNN
0.0,Sat Mar 17 15:45:55 +0000 2018,1.0,0.0,0.0,JUST IN: 2 vehicles with 3 bodies inside them have been removed from the site of Thursday's pedestrian bridge colla‚Ä¶ https://t.co/03OSD48TeX,12,@CNN
-0.5719,Sat Mar 17 15:30:12 +0000 2018,0.68,0.32,0.0,Arkansas student says he was paddled for gun control walkout https://t.co/4XxXh0Cklx https://t.co/3msxgyreIs,13,@CNN
-0.4404,Sat Mar 17 15:15:01 +0000 2018,0.828,0.172,0.0,How Toys 'R' Us went from big kid on the block to bust https://t.co/XcnRNJMX9T https://t.co/IkUorzo91k,14,@CNN
0.0,Sat Mar 17 15:00:07 +0000 2018,1.0,0.0,0.0,Facebook suspends data firm with Trump ties https://t.co/UTcwchXDRl https://t.co/UzbaITsiZv,15,@CNN
0.5719,Sat Mar 17 14:45:11 +0000 2018,0.856,0.0,0.144,149 million people in the US plan to celebrate St. Patrick's Day this year. Here are some more facts and figures ab‚Ä¶ https://t.co/7Zkn4WGqjc,16,@CNN
-0.296,Sat Mar 17 14:36:06 +0000 2018,0.804,0.196,0.0,Here's what you missed during a busy news week https://t.co/kGOwJq85fg https://t.co/MD062RW1pl,17,@CNN
0.1531,Sat Mar 17 14:29:07 +0000 2018,0.722,0.124,0.155,Search interest in gun control after Parkland had more staying power than usual https://t.co/Rd4OcgqsoQ | Analysis‚Ä¶ https://t.co/HNutTtg8Ps,18,@CNN
0.2187,Sat Mar 17 14:01:06 +0000 2018,0.774,0.095,0.13,"66% of Millennials have nothing saved for retirement, a new report shows. Of those who do save, most have less than‚Ä¶ https://t.co/NgPB2avam1",19,@CNN
0.7184,Sat Mar 17 14:01:00 +0000 2018,0.662,0.077,0.261,"This Waffle House waitress took time to cut an elderly customer's ham, and the kind act won her a college scholarsh‚Ä¶ https://t.co/VhPkQMKVRe",20,@CNN
-0.2023,Sat Mar 17 13:31:00 +0000 2018,0.701,0.168,0.131,"Construction of Disney's much-anticipated Star Wars attractions is underway. The lands called ""Galaxy's Edge"" are s‚Ä¶ https://t.co/87H3x3Rv8p",21,@CNN
-0.5574,Sat Mar 17 13:17:14 +0000 2018,0.783,0.217,0.0,Former FBI Deputy Director Andrew McCabe is fired -- and fires back https://t.co/bXNJiUOiaR https://t.co/pvcp15wcxx,22,@CNN
-0.4767,Sat Mar 17 13:00:12 +0000 2018,0.866,0.134,0.0,Two Arizona women have been arrested after they went to a mosque and unleashed an anti-Muslim tirade in front of ch‚Ä¶ https://t.co/H5LpzxhIWe,23,@CNN
0.0,Sat Mar 17 12:31:00 +0000 2018,1.0,0.0,0.0,"""I don't wanna grow up, I'm a Toys 'R' Us kid,"" the iconic jingle says. After 70 years in business, Toys ""R"" Us wil‚Ä¶ https://t.co/sOqfaYjE0P",24,@CNN
0.0,Sat Mar 17 12:01:00 +0000 2018,1.0,0.0,0.0,"Every year on St. Patrick's Day, the world suddenly looks a little more green. Here are some of the landmarks that‚Ä¶ https://t.co/D1FJu2ftYM",25,@CNN
-0.2732,Sat Mar 17 11:31:06 +0000 2018,0.916,0.084,0.0,About half of all plants and animals in 35 of the world's most biodiverse places are at risk of extinction due to c‚Ä¶ https://t.co/0qipxbC6DF,26,@CNN
0.0,Sat Mar 17 11:01:00 +0000 2018,1.0,0.0,0.0,This South Korean barista transforms regular cups of coffee into incredible works of art: https://t.co/PmTG6N72uy‚Ä¶ https://t.co/W1cxH2oSCP,27,@CNN
0.4215,Sat Mar 17 10:31:08 +0000 2018,0.851,0.0,0.149,Stephen Hawking overcame a debilitating disease to publish wildly popular books probing the mysteries of the univer‚Ä¶ https://t.co/d4O70DfAzN,28,@CNN
0.4019,Sat Mar 17 10:01:36 +0000 2018,0.876,0.0,0.124,"This high school in Anchorage, Alaska, is using the sound of real gunfire to prepare students for active shooters‚Ä¶ https://t.co/PLXV5gaww1",29,@CNN
0.0,Sat Mar 17 09:31:00 +0000 2018,1.0,0.0,0.0,"You've heard of the big names, but some of the flashiest, most exotic vehicles at the 2018 Geneva Motor Show came f‚Ä¶ https://t.co/fNQFs1LQq6",30,@CNN
-0.3818,Sat Mar 17 09:22:07 +0000 2018,0.88,0.12,0.0,"Russia expels 23 British diplomats in response to the UK's expulsion of Russian envoys, as fallout over a nerve age‚Ä¶ https://t.co/eegUR0V7kE",31,@CNN
0.0,Sat Mar 17 09:01:03 +0000 2018,1.0,0.0,0.0,"7% of astronaut Scott Kelly's genes did not return to normal after his return to Earth two years ago, according to‚Ä¶ https://t.co/RJpy8zDZk7",32,@CNN
0.2732,Sat Mar 17 08:31:06 +0000 2018,0.905,0.0,0.095,"""People who boast about their IQ are losers.""

As well as being one of the world's most renowned scientists, Stephe‚Ä¶ https://t.co/r1EJ98XWa9",33,@CNN
-0.25,Sat Mar 17 08:01:03 +0000 2018,0.875,0.125,0.0,"White supremacists are using banners to get their messages across, the ADL says https://t.co/pZA6tj3bnO https://t.co/Gtkmboz4C3",34,@CNN
-0.5574,Sat Mar 17 07:31:08 +0000 2018,0.783,0.217,0.0,Former FBI Deputy Director Andrew McCabe is fired -- and fires back https://t.co/wGZGWJFC6M https://t.co/5swBuTRtHs,35,@CNN
0.296,Sat Mar 17 07:16:04 +0000 2018,0.885,0.0,0.115,"A majority of the US should expect warmer than average temperatures this spring, especially across the Southwest an‚Ä¶ https://t.co/EHuPvhzm3w",36,@CNN
-0.0258,Sat Mar 17 07:15:08 +0000 2018,0.807,0.099,0.094,A surprising resignation made Pope Francis head of the Catholic church. But what happens when two men claim one div‚Ä¶ https://t.co/PBZu74KXJA,37,@CNN
-0.7592,Sat Mar 17 07:01:01 +0000 2018,0.577,0.329,0.094,It wasn't Amazon and the growth of online shopping that killed Toys R Us. It was an unpleasant shopping experience‚Ä¶ https://t.co/peu4MPp0Yz,38,@CNN
0.5709,Sat Mar 17 06:46:00 +0000 2018,0.85,0.0,0.15,Longjing tea is a specialty in Hangzhou and considered one of the most prized tea leaves in China. The quality of t‚Ä¶ https://t.co/6OFwniGn03,39,@CNN
0.0,Sat Mar 17 06:31:04 +0000 2018,1.0,0.0,0.0,"It's been almost six months since Hurricane Maria, and Puerto Ricans are still dying https://t.co/oeclE6NEQF https://t.co/UGuBLj6oCv",40,@CNN
0.0,Sat Mar 17 06:16:00 +0000 2018,1.0,0.0,0.0,"Google cofounder Larry Page's flying taxi takes to the skies in New Zealand, billed as a self-piloting, zero-emissi‚Ä¶ https://t.co/q0f5DUxida",41,@CNN
-0.2263,Sat Mar 17 06:01:06 +0000 2018,0.837,0.102,0.06,"There have been a number of deadly bridge collapses in the US through the years, some due to structural deficiencie‚Ä¶ https://t.co/hKWZBHWYRd",42,@CNN
0.5318,Sat Mar 17 05:46:00 +0000 2018,0.826,0.0,0.174,"Munich, Germany, is a long way from the ocean and it's pretty darn cold this time of year, but that doesn't stop so‚Ä¶ https://t.co/YrRCxXcftC",43,@CNN
-0.6486,Sat Mar 17 05:31:05 +0000 2018,0.782,0.218,0.0,Snapchat lost $800 million after Rihanna tore into the company for allowing an offensive ad to appear on its app‚Ä¶ https://t.co/TCRuoH03Ud,44,@CNN
0.0,Sat Mar 17 05:01:03 +0000 2018,1.0,0.0,0.0,Juul e-cigarettes are high-nicotine devices that closely resemble flash drives. They've become a sensation among te‚Ä¶ https://t.co/Vbf0NrXyBe,45,@CNN
-0.743,Sat Mar 17 04:46:05 +0000 2018,0.73,0.27,0.0,"Former FBI deputy director Andrew McCabe described his firing Friday as part of President Trump's ""ongoing war"" wit‚Ä¶ https://t.co/qnlaGSqDWn",46,@CNN
-0.7783,Sat Mar 17 04:39:46 +0000 2018,0.702,0.298,0.0,Two women were arrested after allegedly stealing items from a mosque and broadcasting the whole episode on Facebook‚Ä¶ https://t.co/MCyYx5s9Vw,47,@CNN
-0.34,Sat Mar 17 04:27:51 +0000 2018,0.833,0.167,0.0,Read former FBI Deputy Director Andrew McCabe's statement on his firing https://t.co/3irOHi6a8I https://t.co/iisyQRWj4g,48,@CNN
0.6597,Sat Mar 17 04:16:06 +0000 2018,0.671,0.0,0.329,Pennsylvania's Republican Party is asking for an investigation into Tuesday's special election‚Ä¶ https://t.co/3MrCFJqAkS,49,@CNN
0.0,Sat Mar 17 04:01:04 +0000 2018,1.0,0.0,0.0,President Trump settles in as producer in chief https://t.co/LmiUHn9iYb https://t.co/KT1cf2uxgA,50,@CNN
-0.3182,Sat Mar 17 03:56:53 +0000 2018,0.881,0.119,0.0,"Virginia loses in NCAA basketball tournament to the University of Maryland, Baltimore County, the first time a No.‚Ä¶ https://t.co/QrTCsfNQEs",51,@CNN
-0.4215,Sat Mar 17 03:48:57 +0000 2018,0.685,0.214,0.101,"Rep. Eric Swalwell on McCabe's firing: ""To me, being a former prosecutor, it looks like they're trying to dirty him‚Ä¶ https://t.co/iKwr9DM1Ua",52,@CNN
-0.2023,Sat Mar 17 03:46:49 +0000 2018,0.913,0.087,0.0,"Rep. Eric Swalwell says the termination of former Deputy Director Andrew McCabe is a ""petty act"" and intended to ""s‚Ä¶ https://t.co/0f8hudMESN",53,@CNN
0.296,Sat Mar 17 03:45:18 +0000 2018,0.748,0.102,0.15,Did JFK win by losing in 1956? See how his DNC speech made him a star on #TheKennedys Sunday at 9p. https://t.co/Xo4AK8qk9v,54,@CNN
-0.2023,Sat Mar 17 03:33:16 +0000 2018,0.921,0.079,0.0,"RT @CNNTonight: Rep. Eric Swalwell says the termination of former Deputy Director Andrew McCabe is a ""petty act"" and ""sends a message to an‚Ä¶",55,@CNN
-0.34,Sat Mar 17 03:27:10 +0000 2018,0.882,0.118,0.0,Former Nixon White House counsel John Dean on Attorney General Jeff Sessions firing ex-FBI Deputy Director Andrew M‚Ä¶ https://t.co/0CPDgkHgrX,56,@CNN
0.0,Sat Mar 17 03:11:53 +0000 2018,1.0,0.0,0.0,Xi Jinping is making sweeping changes to how China is run https://t.co/RPIDFVNTKj https://t.co/yOpxnVfRu3,57,@CNN
-0.1779,Sat Mar 17 03:04:01 +0000 2018,0.737,0.147,0.115,"RT @CNNTonight: ""This looks like a punishment in search of a transgression rather than a transgression that's followed by a punishment,"" sa‚Ä¶",58,@CNN
0.128,Sat Mar 17 03:02:52 +0000 2018,0.923,0.0,0.077,"Attorneys defending President Trump and the company of his personal legal counsel, Michael Cohen, have filed to mov‚Ä¶ https://t.co/3hOQImURcf",59,@CNN
0.0,Sat Mar 17 02:37:51 +0000 2018,1.0,0.0,0.0,Former FBI deputy director Andrew McCabe tells CNN's Pamela Brown that the Republican memo from the House Intellige‚Ä¶ https://t.co/Y1ZrN2ET2O,60,@CNN
-0.4168,Sat Mar 17 02:26:51 +0000 2018,0.824,0.176,0.0,"Embattled former FBI deputy Andrew McCabe says he ""never misled"" Justice Department investigators‚Ä¶ https://t.co/hxnB7f8L9F",61,@CNN
-0.5574,Sat Mar 17 02:05:18 +0000 2018,0.833,0.167,0.0,BREAKING: Attorney General Jeff Sessions has fired former FBI deputy director Andrew McCabe less than two days shy‚Ä¶ https://t.co/qOxa5YZFDc,62,@CNN
0.0,Sat Mar 17 01:54:31 +0000 2018,1.0,0.0,0.0,"Every year on St. Patrick's Day, the world suddenly looks a little more green. Here are some of the landmarks that‚Ä¶ https://t.co/GNwhbmmKZB",63,@CNN
-0.1531,Sat Mar 17 01:35:24 +0000 2018,0.918,0.082,0.0,"RT @AC360: Anderson Cooper: #KeepingThemHonest, ""even barring any new shakeup, the turnover in (the Trump) administration is without modern‚Ä¶",64,@CNN
-0.2732,Sat Mar 17 01:31:39 +0000 2018,0.896,0.104,0.0,The lead bridge engineer with the firm that designed the pedestrian bridge that collapsed left a voicemail with the‚Ä¶ https://t.co/pppToee6GM,65,@CNN
0.5859,Sat Mar 17 01:19:38 +0000 2018,0.769,0.0,0.231,"Nestled into the stunning Arctic landscape with panoramic views of sparkling fjords and snowy mountains, Ny Anstalt‚Ä¶ https://t.co/x32JbLA62a",66,@CNN
0.0,Sat Mar 17 01:00:36 +0000 2018,1.0,0.0,0.0,The things that turn green on St. Patrick's Day https://t.co/EmvBkRWTp9 https://t.co/7zjVMQ0jKT,67,@CNN
-0.6705,Sat Mar 17 00:41:22 +0000 2018,0.703,0.297,0.0,FBI raids home of fired spy agency contractor suspected of leaking code on Facebook https://t.co/IIApgIHhRV,68,@CNN
0.0,Sat Mar 17 00:39:25 +0000 2018,1.0,0.0,0.0,Michael Flynn is set to appear at a California congressional candidate's event https://t.co/K9XOo7qSop https://t.co/J1yBATdTxs,69,@CNN
-0.4767,Sat Mar 17 00:31:58 +0000 2018,0.838,0.162,0.0,"Russia has attempted to attack targets that include ""energy, nuclear, commercial facilities, water, aviation, and c‚Ä¶ https://t.co/OpMFru9m1k",70,@CNN
0.4215,Sat Mar 17 00:21:09 +0000 2018,0.859,0.0,0.141,"In the airline's third animal-related incident in a week, a United Airlines plane headed to St. Louis was diverted‚Ä¶ https://t.co/9ZYGU1cTW8",71,@CNN
-0.4019,Sat Mar 17 00:21:07 +0000 2018,0.847,0.153,0.0,6 signs you're going to lose your White House job | Analysis by CNN's Gregory Krieg https://t.co/Gx9MuoFyiG https://t.co/iJ1tsRqHKm,72,@CNN
-0.5719,Sat Mar 17 00:11:03 +0000 2018,0.749,0.251,0.0,Two Nike executives have resigned in the midst of complaints about the company's work environment‚Ä¶ https://t.co/vdun1MS7sv,73,@CNN
0.0,Fri Mar 16 23:58:45 +0000 2018,1.0,0.0,0.0,"RT @OutFrontCNN: ""This is theatre ... it's not normal,"" says @AprilDRyan of President Trump's staff shake-up https://t.co/p3PGiOFOFT https:‚Ä¶",74,@CNN
-0.7184,Fri Mar 16 23:55:06 +0000 2018,0.714,0.286,0.0,"Kroger is going to stop selling magazines about assault rifles, a spokeswoman for the grocery chain said‚Ä¶ https://t.co/n4p0gFzVGB",75,@CNN
0.0,Fri Mar 16 23:49:25 +0000 2018,1.0,0.0,0.0,"6 days, 26 major stories: 1 week in the Trump presidency | Analysis by @CillizzaCNN https://t.co/I1uiplvN2u https://t.co/m7q8O6xpAj",76,@CNN
-0.2263,Fri Mar 16 23:41:02 +0000 2018,0.694,0.179,0.127,Trump is creating a dangerous echo chamber around himself | By Julian Zelizer via @CNNOpinion‚Ä¶ https://t.co/Ix4ndy0Bz0,77,@CNN
0.4215,Fri Mar 16 23:36:05 +0000 2018,0.859,0.0,0.141,"Facebook is bringing the minimalist version of its app to some developed countries, including the United States‚Ä¶ https://t.co/THWMh8L8lF",78,@CNN
0.0772,Fri Mar 16 23:31:05 +0000 2018,0.92,0.0,0.08,A University of Pennsylvania Law School professor has been removed from teaching mandatory first-year courses after‚Ä¶ https://t.co/TR8dIXkVig,79,@CNN
0.0,Fri Mar 16 23:21:06 +0000 2018,1.0,0.0,0.0,"Caterpillar could eliminate nearly 900 jobs in the US and Central America, the company said https://t.co/f1KsuzYWi7 https://t.co/bE3TKTIQMx",80,@CNN
-0.743,Fri Mar 16 23:11:08 +0000 2018,0.73,0.27,0.0,"Four suspects in the alleged hazing death of a Louisiana State University student were indicted, according to the E‚Ä¶ https://t.co/vWNiufyhou",81,@CNN
-0.8979,Fri Mar 16 23:01:04 +0000 2018,0.573,0.427,0.0,Putin is stoking the hellish war in Syria and no one is stopping him | By Gayle Lemmon via @CNNOpinion‚Ä¶ https://t.co/08OrNrS167,82,@CNN
-0.1901,Fri Mar 16 22:51:03 +0000 2018,0.916,0.084,0.0,"President Trump may complain about American cars being locked out of the Japanese auto market but, experts say, tha‚Ä¶ https://t.co/nKh61JtANx",83,@CNN
0.0571,Fri Mar 16 22:41:26 +0000 2018,0.548,0.221,0.231,RT @CNNSitRoom: Democratic Rep. Garamendi: ‚ÄúThis Presidency is a very serious security threat to the United States‚Äù https://t.co/CAUNIM0XaP‚Ä¶,84,@CNN
0.1779,Fri Mar 16 22:41:09 +0000 2018,0.904,0.0,0.096,The US pushes for changes to the Iran deal as President Trump signals a tougher stance https://t.co/jlDYogbzrB https://t.co/7CFLPIEX4u,85,@CNN
0.0,Fri Mar 16 22:31:43 +0000 2018,1.0,0.0,0.0,Tariff tutorial: what the 45th US President could learn from the 25th | By John Kirby via @CNNOpinion‚Ä¶ https://t.co/AxnKAghXzB,86,@CNN
0.0,Fri Mar 16 22:21:34 +0000 2018,1.0,0.0,0.0,"The Academy of Motion Pictures Arts and Sciences, the group behind on the Oscars, is investigating allegations of s‚Ä¶ https://t.co/Yn0zVaop0N",87,@CNN
-0.34,Fri Mar 16 22:16:09 +0000 2018,0.833,0.167,0.0,Thousands of people gathered in Slovakia's capital city to protest against the government and pay tribute to murder‚Ä¶ https://t.co/TphLFTABVH,88,@CNN
0.2023,Fri Mar 16 22:09:02 +0000 2018,0.904,0.0,0.096,"Education Secretary Betsy DeVos and Washington Sen. Patty Murray, the top Democrat on the Senate's education panel,‚Ä¶ https://t.co/greo94ZBXD",89,@CNN
0.0,Fri Mar 16 22:06:09 +0000 2018,1.0,0.0,0.0,New satellite imagery examined by Western experts suggests North Korea has begun preliminary testing of one of its‚Ä¶ https://t.co/JawfIsT74b,90,@CNN
0.296,Fri Mar 16 21:51:48 +0000 2018,0.901,0.0,0.099,"Though HIV rates across the US are stable, at least two spots -- Beaver County, Pennsylvania, and Milwaukee -- show‚Ä¶ https://t.co/IchWshO1bN",91,@CNN
0.4939,Fri Mar 16 21:47:32 +0000 2018,0.842,0.0,0.158,White House press secretary Sarah Sanders wouldn't say whether Russian President Vladimir Putin was a friend or a f‚Ä¶ https://t.co/XTBp5HzcwX,92,@CNN
-0.3818,Fri Mar 16 21:36:53 +0000 2018,0.89,0.11,0.0,"The White House is gearing up for a bruising fight over the nomination of President Trump's pick to head the CIA, G‚Ä¶ https://t.co/dTREDYchTR",93,@CNN
0.0,Fri Mar 16 21:30:44 +0000 2018,1.0,0.0,0.0,"The Vatican has removed Archbishop Anthony Apuron of Guam from office.

A news release did not specify exactly what‚Ä¶ https://t.co/9VrEgLAj8P",94,@CNN
0.0,Fri Mar 16 21:22:01 +0000 2018,1.0,0.0,0.0,"""I guess it never really occurred to me that I wouldn't always get to have that old-fashioned toy store experience‚Ä¶ https://t.co/Q1PvzzJDPO",95,@CNN
0.34,Fri Mar 16 21:18:35 +0000 2018,0.893,0.0,0.107,"A pro-Trump group has hired Carl Higbie, who shared an N-Word laden post written by someone else on Facebook in 201‚Ä¶ https://t.co/KXnx2TqAZe",96,@CNN
-0.4404,Fri Mar 16 21:16:43 +0000 2018,0.868,0.132,0.0,"Saudi Arabia will develop nuclear weapons if Iran does the same, said Crown Prince Mohammed bin Salman, Saudi's def‚Ä¶ https://t.co/MLHmQAELbx",97,@CNN
0.5413,Fri Mar 16 21:04:26 +0000 2018,0.845,0.0,0.155,"On Saturday, 1.7 million South Australians will vote in what many are describing as the most exciting electoral rac‚Ä¶ https://t.co/LvVsumtxAW",98,@CNN
-0.3182,Fri Mar 16 21:01:31 +0000 2018,0.901,0.099,0.0,"""Is there anything in the litany of accusations -- you would call them facts -- that surround this case that happen‚Ä¶ https://t.co/LL9FHkK0iI",99,@CNN
0.5719,Sat Mar 17 18:50:44 +0000 2018,0.654,0.0,0.346,"Earlier, President @realDonaldTrump wished everyone a Happy #StPatricksDay. https://t.co/izslY7CIxF",0,@FoxNews
-0.5358,Sat Mar 17 18:48:07 +0000 2018,0.801,0.199,0.0,"Jai Chabria: ""The Mueller investigation is gonna go on...there's not support on Capitol Hill to stop the Mueller in‚Ä¶ https://t.co/4nBy7gFFDx",1,@FoxNews
-0.4939,Sat Mar 17 18:41:35 +0000 2018,0.775,0.225,0.0,"Prince Harry reportedly rejects prenup ahead of marriage to Meghan Markle 
https://t.co/rZsAkimWgw",2,@FoxNews
-0.1298,Sat Mar 17 18:41:11 +0000 2018,0.816,0.103,0.081,"Jai Chabria on McCabe firing: ""The detractors of @realDonaldTrump need to be very careful because this is not one w‚Ä¶ https://t.co/xcaZ2rUgdz",3,@FoxNews
-0.6486,Sat Mar 17 18:39:32 +0000 2018,0.719,0.281,0.0,Homeless family of 4 found dead in parked van in Southern California https://t.co/5eFOebpdMD,4,@FoxNews
-0.5106,Sat Mar 17 18:32:37 +0000 2018,0.752,0.248,0.0,Outrage over New Yorker mag's 'repulsive' body-shaming of President Trump https://t.co/OiKnEpkpFY,5,@FoxNews
0.0,Sat Mar 17 18:32:02 +0000 2018,1.0,0.0,0.0,"John Bussey on @realDonaldTrump's tweets on Mueller investigation: ""The public is metabolizing this and over time r‚Ä¶ https://t.co/Y3bjdBxzwr",6,@FoxNews
-0.4215,Sat Mar 17 18:26:53 +0000 2018,0.859,0.141,0.0,"John Bussey on Mueller investigation: ""He's moving very deliberately. He's got guilty pleas already, he's gotten in‚Ä¶ https://t.co/mjId4VJNJ6",7,@FoxNews
0.0,Sat Mar 17 18:26:37 +0000 2018,1.0,0.0,0.0,"On @foxandfriends, @AlanDersh called out the many Democrats who have associations with Louis Farrakhan.‚Ä¶ https://t.co/BipCrmdi6X",8,@FoxNews
-0.5574,Sat Mar 17 18:24:27 +0000 2018,0.833,0.167,0.0,"After being fired by Attorney General Jeff Sessions on Friday, former @FBI Deputy Director Andrew McCabe released a‚Ä¶ https://t.co/Q03bUFDWSQ",9,@FoxNews
-0.743,Sat Mar 17 18:18:21 +0000 2018,0.588,0.412,0.0,1969 Preakness Stakes trophy stolen from storage facility; woman arrested https://t.co/DSy9N2UunS,10,@FoxNews
-0.296,Sat Mar 17 18:06:40 +0000 2018,0.82,0.18,0.0,Savannah says 'no more' to smooching soldiers in #StPatricksDay Parade https://t.co/2W28gi2T40,11,@FoxNews
-0.296,Sat Mar 17 17:59:22 +0000 2018,0.855,0.145,0.0,Woman files complaint against Universal Orlando Resort saying she was fat-shamed by staff https://t.co/FBnUcNM5Rg,12,@FoxNews
0.0,Sat Mar 17 17:56:42 +0000 2018,1.0,0.0,0.0,"Widow of NYPD Cop: Release of Husband's 'Assassin' Is 'Betrayal' to Officers
https://t.co/oc6RZch3iC",13,@FoxNews
-0.6486,Sat Mar 17 17:54:09 +0000 2018,0.736,0.264,0.0,"Adrian Lamo, hacker who turned in Chelsea Manning to FBI, found dead https://t.co/4eJfcGOmGx",14,@FoxNews
-0.4767,Sat Mar 17 17:43:38 +0000 2018,0.838,0.162,0.0,"Moments ago, President @realDonaldTrump tweeted about Andrew McCabe, this time slamming the ""fake news,"" ""Crooked H‚Ä¶ https://t.co/J8QtOQqBpi",15,@FoxNews
0.0,Sat Mar 17 17:41:00 +0000 2018,1.0,0.0,0.0,Take a look at the dyeing of the river for #StPatricksDay in Chicago. https://t.co/YYcs8Es9Y5,16,@FoxNews
-0.2023,Sat Mar 17 17:38:00 +0000 2018,0.899,0.101,0.0,"On ""Cavuto Live,"" @DeneenBorelli slammed @HillaryClinton in the wake of her controversial comments about female Tru‚Ä¶ https://t.co/dmoFmdgLli",17,@FoxNews
-0.8834,Sat Mar 17 17:35:53 +0000 2018,0.538,0.462,0.0,"'He Killed An American Citizen': @MarkSteynOnline Battles Lawyer Over 'Malicious Prosecution' in Steinle Case
https://t.co/7SeRpXQRLT",18,@FoxNews
0.0,Sat Mar 17 17:35:00 +0000 2018,1.0,0.0,0.0,"YESTERDAY: @MarcShort45: ""We wanted to take a few minutes to discuss the historic obstruction that we have faced by‚Ä¶ https://t.co/IQ1m9UlH0y",19,@FoxNews
0.0,Sat Mar 17 17:27:00 +0000 2018,1.0,0.0,0.0,"TONIGHT on ""Justice,"" @JudgeJeanine talks to @DarrellIssa and @TomiLahren - Tune in at 9p ET on Fox News Channel! https://t.co/ztXUpFKcPp",20,@FoxNews
0.128,Sat Mar 17 17:22:44 +0000 2018,0.909,0.0,0.091,"Amidst reports of @DonaldJTrumpJr's divorce, former first daughter @ChelseaClinton sent a message in defense of Pre‚Ä¶ https://t.co/PxQidUW9sB",21,@FoxNews
-0.8442,Sat Mar 17 17:18:18 +0000 2018,0.468,0.532,0.0,Russia expels 23 British diplomats in spy poisoning dispute. https://t.co/4kfj62m7Q4 https://t.co/ddDciXWBhn,22,@FoxNews
0.0,Sat Mar 17 17:18:00 +0000 2018,1.0,0.0,0.0,"TONIGHT on @GregGutfeldShow, @greggutfeld talks @katyperry, @HillaryClinton, and more - Tune in at 10p ET on Fox Ne‚Ä¶ https://t.co/tquxhzn3Y0",23,@FoxNews
0.0,Sat Mar 17 17:17:00 +0000 2018,1.0,0.0,0.0,"TOMORROW on @FoxNewsSunday, Chris Wallace talks to @SenatorDurbin - Tune in at 2p ET on Fox News Channel! https://t.co/oOQDkcpBD9",24,@FoxNews
0.0,Sat Mar 17 17:14:00 +0000 2018,1.0,0.0,0.0,"TOMORROW on @FoxNewsSunday, Chris Wallace speaks exclusively to @TGowdySC - Tune in at 2p &amp; 7p ET on Fox News Chann‚Ä¶ https://t.co/zEDZq1oK7d",25,@FoxNews
0.0,Sat Mar 17 17:10:12 +0000 2018,1.0,0.0,0.0,.@newtgingrich: Trump (and his success) continues to baffle our country's elites. What's going on? https://t.co/LKzSx07cBG,26,@FoxNews
0.5719,Sat Mar 17 17:02:15 +0000 2018,0.764,0.0,0.236,"Britain's Catherine, Duchess of Cambridge and Prince William celebrate St. Patrick's Day. https://t.co/qNONPXixnC",27,@FoxNews
-0.6486,Sat Mar 17 17:02:05 +0000 2018,0.569,0.431,0.0,Second FIU bridge collapse victim identified as worker https://t.co/HMoU8qorfx,28,@FoxNews
0.3182,Sat Mar 17 16:53:28 +0000 2018,0.663,0.133,0.204,"This morning, Democratic Congressman @RepSwalwell slammed President @realDonaldTrump for celebrating the firing of‚Ä¶ https://t.co/qcHIi1fFwx",29,@FoxNews
0.0,Sat Mar 17 16:51:00 +0000 2018,1.0,0.0,0.0,".@RealCandaceO: ""We can't have states within this union that are not complying with federal law."" https://t.co/3zwWu3ElPv",30,@FoxNews
0.7269,Sat Mar 17 16:49:06 +0000 2018,0.697,0.0,0.303,"TOMORROW on ""Life, Liberty, and Levin,"" @marklevinshow has a special interview with @Hillsdale President Dr. Larry‚Ä¶ https://t.co/smDQvvSoHT",31,@FoxNews
0.0,Sat Mar 17 16:47:16 +0000 2018,1.0,0.0,0.0,BREAKING: @SenSchumer responds to Trump lawyer John Dowd's call to end Mueller probe. https://t.co/g55cTalNWA https://t.co/TSPjN7DGCZ,32,@FoxNews
0.0,Sat Mar 17 16:42:00 +0000 2018,1.0,0.0,0.0,".@PhilippeReines: ""I think what [@HillaryClinton] has learned - which frankly she should have known from decades in‚Ä¶ https://t.co/Wc1yEb5J3C",33,@FoxNews
0.0,Sat Mar 17 16:39:54 +0000 2018,1.0,0.0,0.0,"TONIGHT on @WattersWorld, @JesseBWatters speaks exclusively to Felix Sater - Tune in at 8p ET on Fox News Channel! https://t.co/TH0NfrDyTM",34,@FoxNews
-0.7184,Sat Mar 17 16:27:41 +0000 2018,0.739,0.261,0.0,".@TomFitton: ""Will he be prosecuted for lying to investigators the way that @GenFlynn, who McCabe targeted, was pro‚Ä¶ https://t.co/6w5QvABnqP",35,@FoxNews
0.357,Sat Mar 17 16:17:00 +0000 2018,0.89,0.0,0.11,"Jacob Shoemaker: ""Students should be able to make a choice and not be forced into a situation by the officials in t‚Ä¶ https://t.co/9Dgsjk9lCl",36,@FoxNews
0.0,Sat Mar 17 16:12:34 +0000 2018,1.0,0.0,0.0,"On @foxandfriends, @RealCandaceO slammed the left for its ""victim"" ideology. https://t.co/g2mXEbz2Th https://t.co/8gtHUL2Kne",37,@FoxNews
-0.6369,Sat Mar 17 16:05:56 +0000 2018,0.556,0.328,0.116,Charlize Theron says teachers arming themselves is an 'outrageous' solution to gun violence https://t.co/THaHhwSMvy,38,@FoxNews
-0.0516,Sat Mar 17 15:57:21 +0000 2018,0.531,0.239,0.23,"FIU: Engineers met to discuss bridge crack on morning of collapse, determined 'no safety concerns' https://t.co/3LygDvBijL",39,@FoxNews
-0.5267,Sat Mar 17 15:43:25 +0000 2018,0.793,0.207,0.0,Dem Sen: 'Vindictive and Political' for DOJ to Punish FBI's McCabe via Pension https://t.co/M8ZXD80DUq,40,@FoxNews
-0.8834,Sat Mar 17 15:42:49 +0000 2018,0.538,0.462,0.0,'He Killed An American Citizen': @MarkSteynOnline Battles Lawyer Over 'Malicious Prosecution' in Steinle Case https://t.co/aX0gNo728w,41,@FoxNews
0.34,Sat Mar 17 15:41:47 +0000 2018,0.562,0.152,0.287,"Some Democrats want Pelosi out now, win or lose House in midterms https://t.co/ca7oGqgphL",42,@FoxNews
-0.5574,Sat Mar 17 15:41:41 +0000 2018,0.769,0.231,0.0,"Trump calls fired McCabe ‚Äòchoirboy‚Äô, suggests FBI corruption ‚Äòat the highest levels‚Äô https://t.co/QBZlJeXU6u",43,@FoxNews
0.7184,Sat Mar 17 15:40:49 +0000 2018,0.75,0.0,0.25,"Bonnie Brazzeal: ""I never dreamed that I would meet @POTUS and personally thank him for the bonus. He really listen‚Ä¶ https://t.co/evcbbhCTXq",44,@FoxNews
0.0,Sat Mar 17 15:31:33 +0000 2018,1.0,0.0,0.0,".@dagenmcdowell: ""The RNC so far in the 2018 cycle is outraising the DNC 2 to 1."" https://t.co/pKW8oi1LNf",45,@FoxNews
0.0,Sat Mar 17 15:27:01 +0000 2018,1.0,0.0,0.0,Turnover rate in past administrations. https://t.co/CSFMwinwK7,46,@FoxNews
0.3612,Sat Mar 17 15:22:01 +0000 2018,0.857,0.0,0.143,".@JessicaTarlov: ""@POTUS communicates every day on Twitter to the entire world like a little child."" #Cavuto https://t.co/JysUwnFKG4",47,@FoxNews
0.4215,Sat Mar 17 15:10:25 +0000 2018,0.872,0.0,0.128,DEVELOPING: Trump‚Äôs lawyer John Dowd tells Fox News he hopes Deputy AG Rosenstein will end Mueller probe after McCa‚Ä¶ https://t.co/gZyO8B7wna,48,@FoxNews
-0.3182,Sat Mar 17 15:08:00 +0000 2018,0.887,0.113,0.0,".@deneenborelli: ""Every day [@HillaryClinton] talks it is a reminder of why she lost. She has managed - this one pe‚Ä¶ https://t.co/yvZr7bLvTV",49,@FoxNews
0.5719,Sat Mar 17 15:04:57 +0000 2018,0.684,0.0,0.316,"Moments ago, President @realDonaldTrump wished everyone a Happy #StPatricksDay. https://t.co/OHtrM2fPbL",50,@FoxNews
0.3506,Sat Mar 17 15:04:00 +0000 2018,0.86,0.0,0.14,".@deneenborelli: ""[@HillaryClinton] says she's a champion of women but her actions and her words speak otherwise.""‚Ä¶ https://t.co/YZZVLd77Ew",51,@FoxNews
0.0,Sat Mar 17 14:57:36 +0000 2018,1.0,0.0,0.0,".@garybsmith: ""Some are starting to think we're some big socialist country where the government is there as a nanny‚Ä¶ https://t.co/LlIqFATbgB",52,@FoxNews
-0.5859,Sat Mar 17 14:52:04 +0000 2018,0.725,0.275,0.0,".@dagenmcdowell: ""[@HillaryClinton] has an open contempt for Republican women."" #Cavuto https://t.co/a2nhhDPrjB",53,@FoxNews
-0.296,Sat Mar 17 14:52:00 +0000 2018,0.885,0.115,0.0,".@WhiteHouse looking to make individual cuts permanent as part of ""Phase Two"" for tax reform; @SimonettiLauren repo‚Ä¶ https://t.co/jNncWyLxb5",54,@FoxNews
0.4215,Sat Mar 17 14:48:18 +0000 2018,0.872,0.0,0.128,BREAKING NEWS: Trump‚Äôs lawyer tells Fox News he hopes Deputy AG Rosenstein will end Mueller probe after McCabe firi‚Ä¶ https://t.co/0MzwvJGKrY,55,@FoxNews
0.7269,Sat Mar 17 14:41:00 +0000 2018,0.724,0.0,0.276,"BREAKING NEWS: @POTUS's attorney: ""I pray that Acting Attorney General Rosenstein will follow the brilliant and cou‚Ä¶ https://t.co/M1hx2dnCSp",56,@FoxNews
0.0,Sat Mar 17 14:30:49 +0000 2018,1.0,0.0,0.0,"Moments ago, @VP Mike Pence tweeted his celebration of #StPatricksDay and his Irish roots. He will soon march in a‚Ä¶ https://t.co/qn9V18Nzpv",57,@FoxNews
0.0,Sat Mar 17 14:17:42 +0000 2018,1.0,0.0,0.0,".@SenatorCardin: ""Mr. McCabe was not treated fairly."" #Cavuto https://t.co/hi6agS0l8a",58,@FoxNews
0.7184,Sat Mar 17 14:14:12 +0000 2018,0.75,0.0,0.25,".@RepBradWenstrup: ""Let's clean the house and let's start to rebuild some of the trust that the American people wan‚Ä¶ https://t.co/IXD9SXgtgL",59,@FoxNews
0.0,Sat Mar 17 14:03:46 +0000 2018,1.0,0.0,0.0,Dyeing of the river for #StPatricksDay in Chicago (Credit: WFLD) https://t.co/3ktb8UG8fj,60,@FoxNews
0.3818,Sat Mar 17 14:02:24 +0000 2018,0.833,0.0,0.167,".@AmbJohnBolton: ""It would've been stunning if Jeff Sessions had done anything else."" https://t.co/W4UBetvSKm https://t.co/QbeaKLGlFY",61,@FoxNews
0.0,Sat Mar 17 13:55:31 +0000 2018,1.0,0.0,0.0,".@cvpayne: ""6.3 million job openings right now - by far an all-time record."" https://t.co/RjclNa3ZAw",62,@FoxNews
-0.6486,Sat Mar 17 13:50:58 +0000 2018,0.736,0.264,0.0,"Adrian Lamo, hacker who turned in Chelsea Manning to FBI, found dead https://t.co/4eJfcGOmGx",63,@FoxNews
0.9042,Sat Mar 17 13:37:34 +0000 2018,0.551,0.0,0.449,".@RCamposDuffy: ""This is a first step in restoring confidence and trust in our institutions and in equal justice in‚Ä¶ https://t.co/WVOlvDcF3H",64,@FoxNews
-0.6486,Sat Mar 17 13:07:38 +0000 2018,0.762,0.238,0.0,".@GeraldoRivera: ‚ÄúThe firing of McCabe as it happened, on a Friday night at ten o‚Äôclock, was harsh and spiteful.‚Äù https://t.co/pf5kx7Ftt4",65,@FoxNews
-0.5106,Sat Mar 17 12:56:13 +0000 2018,0.752,0.248,0.0,Outrage over New Yorker mag's 'repulsive' body-shaming of President Trump https://t.co/OiKnEpkpFY,66,@FoxNews
0.3818,Sat Mar 17 12:41:54 +0000 2018,0.88,0.0,0.12,Brandon Judd: ‚ÄúThe president wants to get a deal done that will protect these people that were brought here through‚Ä¶ https://t.co/wkwDYWdZd0,67,@FoxNews
0.0,Sat Mar 17 12:37:04 +0000 2018,1.0,0.0,0.0,.@PhilippeReines: ‚ÄúFiring Jim Comey will go down as one of the biggest political blunders in history.‚Äù https://t.co/uZMYDKCL41,68,@FoxNews
-0.2415,Sat Mar 17 12:35:10 +0000 2018,0.704,0.176,0.12,.@PhilippeReines: ‚ÄúPresident Trump cannot fire his way out of the troubles he‚Äôs in.‚Äù https://t.co/W3XAQxn8Iq,69,@FoxNews
0.0,Sat Mar 17 12:32:34 +0000 2018,1.0,0.0,0.0,".@PhilippeReines: ‚ÄúIrrespective of what you think Mr. McCabe did or didn‚Äôt do, it‚Äôs transparently vindictive to fir‚Ä¶ https://t.co/dY3ayT9o0h",70,@FoxNews
0.0,Sat Mar 17 12:16:48 +0000 2018,1.0,0.0,0.0,"Rumored site of $55M in Civil War-era gold draws FBI's attention, reports say https://t.co/oBiHoTiJUI",71,@FoxNews
0.0,Sat Mar 17 11:55:57 +0000 2018,1.0,0.0,0.0,An early morning runner heads past the Vietnam Veterans Memorial towards the Washington Monument at daybreak in Was‚Ä¶ https://t.co/9r1yXHc4hY,72,@FoxNews
0.0,Sat Mar 17 11:50:48 +0000 2018,1.0,0.0,0.0,Candace Owens: ‚ÄúWe can‚Äôt have states within this union that are not complying with federal law.‚Äù https://t.co/0YcFacAe3s,73,@FoxNews
-0.6597,Sat Mar 17 11:41:56 +0000 2018,0.649,0.351,0.0,Ohio student suspended for staying in class during National Walkout Day https://t.co/LZTIDsZPFI,74,@FoxNews
-0.8442,Sat Mar 17 11:31:01 +0000 2018,0.497,0.503,0.0,"Russia retaliates, expels 23 British diplomats amid tensions over ex-spy poisoning https://t.co/hbB8Ku6thf",75,@FoxNews
-0.296,Sat Mar 17 11:27:28 +0000 2018,0.845,0.155,0.0,Savannah says 'no more' to smooching soldiers in St. Patrick's Day Parade https://t.co/2W28gi2T40,76,@FoxNews
0.0,Sat Mar 17 11:21:48 +0000 2018,1.0,0.0,0.0,".@CharlesHurt: ‚ÄúRex Tillerson didn‚Äôt get elected to anything, Donald Trump did.‚Äù https://t.co/1gTgGR1a69",77,@FoxNews
-0.6908,Sat Mar 17 10:57:00 +0000 2018,0.676,0.324,0.0,Video shows the scary moments when a malfunctioning chairlift sends people flying. No serious injuries were reporte‚Ä¶ https://t.co/GkRMAwpw9j,78,@FoxNews
-0.8074,Sat Mar 17 10:56:09 +0000 2018,0.368,0.509,0.123,Cop killer granted parole decades after cold-blooded murders https://t.co/PuzGoWCQs2,79,@FoxNews
-0.34,Sat Mar 17 10:53:00 +0000 2018,0.882,0.118,0.0,"FDNY Fire Marshal Christopher T. ‚ÄúTripp‚Äù Zanetis and FDNY Lieutenant Christopher J. Raguso, both of whom also serve‚Ä¶ https://t.co/TUZ5lEFtGs",80,@FoxNews
-0.5994,Sat Mar 17 10:50:22 +0000 2018,0.849,0.151,0.0,.@TomFitton: ‚ÄúI don‚Äôt know how many blows the Russia collusion story is going to take before it dies the death it d‚Ä¶ https://t.co/I4eb0bsFHS,81,@FoxNews
0.5859,Sat Mar 17 10:35:38 +0000 2018,0.798,0.0,0.202,"Bonnie Brazzeal: ‚ÄúIt was an amazing experience, I never dreamed that I would meet [President @realDonaldTrump] and‚Ä¶ https://t.co/wyA1dPG4sH",82,@FoxNews
0.5267,Sat Mar 17 10:32:09 +0000 2018,0.866,0.0,0.134,"Jerry Davis, President of College of the Ozarks: ‚ÄúWe‚Äôre all going to gain by the changes brought about by the tax b‚Ä¶ https://t.co/D5sNS3D0F2",83,@FoxNews
0.0,Sat Mar 17 10:25:29 +0000 2018,1.0,0.0,0.0,Oakland mayor consulted with illegal-immigration activists before tipping off ICE raid https://t.co/IVi2VKM0y0,84,@FoxNews
-0.0772,Sat Mar 17 10:00:02 +0000 2018,0.933,0.067,0.0,".@JesseBWatters: ‚ÄúWhether it was an accidental shooting or it was a purposeful shooting, he cost Kate Steinle her l‚Ä¶ https://t.co/0kldOu31CA",85,@FoxNews
-0.7717,Sat Mar 17 09:45:00 +0000 2018,0.628,0.314,0.058,'Angel Dad': Pelosi Would Want a 'Wall to the Moon' If an Illegal Immigrant Hurt Her Family https://t.co/IfLXQQgskK,86,@FoxNews
-0.34,Sat Mar 17 09:37:00 +0000 2018,0.876,0.124,0.0,"On Saturday, @realDonaldTrump tweeted his reaction to Attorney General Jeff Sessions' firing of former FBI Deputy D‚Ä¶ https://t.co/UBAU9OKEq0",87,@FoxNews
0.0,Sat Mar 17 09:15:00 +0000 2018,1.0,0.0,0.0,Medieval 'pot o' gold' discovered by construction workers https://t.co/mOdDk36XYW,88,@FoxNews
-0.4118,Sat Mar 17 09:08:00 +0000 2018,0.879,0.121,0.0,".@TheDCVince: ‚ÄúThe whole reason we have this firing today is because of James Comey, and the FBI‚Äôs handling of the‚Ä¶ https://t.co/BhH3HP6bXb",89,@FoxNews
0.6523,Sat Mar 17 09:00:00 +0000 2018,0.761,0.0,0.239,SHE SAID YES: A Georgia police officer surprised his girlfriend by popping the question amid a group of children du‚Ä¶ https://t.co/9CiuUWvWEi,90,@FoxNews
0.0516,Sat Mar 17 08:52:00 +0000 2018,0.549,0.22,0.232,Top @HillaryClinton Adviser Warns Dems: Stop Dismissing Chance of 2nd Trump Term https://t.co/eYGvnNZGtJ,91,@FoxNews
-0.6908,Sat Mar 17 08:30:00 +0000 2018,0.676,0.324,0.0,Video shows the scary moments when a malfunctioning chairlift sends people flying. No serious injuries were reporte‚Ä¶ https://t.co/FXEgGixow0,92,@FoxNews
0.0,Sat Mar 17 08:22:00 +0000 2018,1.0,0.0,0.0,Bernard Kerik: ‚ÄúI would urge the American people to think extremely highly of the FBI. The FBI agents across this c‚Ä¶ https://t.co/zHpWNdlzex,93,@FoxNews
-0.2732,Sat Mar 17 08:15:00 +0000 2018,0.861,0.139,0.0,"McCormick and Schmick's manager suing for $999,999 after getting bit by venomous spider https://t.co/scPXKrJGVG",94,@FoxNews
0.0258,Sat Mar 17 08:12:07 +0000 2018,0.667,0.164,0.169,"Judge locks self in courtroom, causes $3G in damage trying to break free: report
https://t.co/lJ3txHdsyS",95,@FoxNews
-0.296,Sat Mar 17 08:08:00 +0000 2018,0.885,0.115,0.0,".@SaraCarterDC: ""[McCabe] believes this is all about [@POTUS]. No, this is about his colleagues at OPR...who found‚Ä¶ https://t.co/KdHw5dqBT0",96,@FoxNews
0.34,Sat Mar 17 08:00:00 +0000 2018,0.789,0.068,0.142,.@KatrinaPierson: ‚ÄúI think it is time to get serious. There absolutely should be a second special counsel.‚Äù‚Ä¶ https://t.co/U71H7DISMH,97,@FoxNews
0.0,Sat Mar 17 07:50:00 +0000 2018,1.0,0.0,0.0,".@NancyPelosi: #Trump's Proposed Border Wall Is Too High, 'Obnoxious' in a Civilized Society https://t.co/ROR8CZqEpj",98,@FoxNews
-0.7003,Sat Mar 17 07:38:00 +0000 2018,0.756,0.244,0.0,".@RepMarkMeadows: ""No one ever gets fired from the @FBI and DOJ without there being real credible evidence, so the‚Ä¶ https://t.co/N4IozhCoAg",99,@FoxNews
-0.34,Sat Mar 17 18:45:02 +0000 2018,0.796,0.133,0.071,RT @cliffordlevy: Scoop: Facebook at first downplayed @nytimes reporting that a firm closely tied to the Trump campaign exploited data from‚Ä¶,0,@nytimes
0.0,Sat Mar 17 18:35:02 +0000 2018,1.0,0.0,0.0,"In Opinion 

Leonard Mlodinow writes, ""Some people with ADHD may be naturally suited to our turbocharged world"" https://t.co/44UGGN37eY",1,@nytimes
-0.296,Sat Mar 17 18:25:11 +0000 2018,0.732,0.268,0.0,How to stop eating sugar https://t.co/q7BUNrPnzd https://t.co/sTf8vU3adv,2,@nytimes
0.6808,Sat Mar 17 18:15:09 +0000 2018,0.772,0.0,0.228,"RT @NYTScience: When wolves were reintroduced at Yellowstone and in Idaho, it created many positive ripple effects. That could hold lessons‚Ä¶",3,@nytimes
0.4019,Sat Mar 17 18:05:06 +0000 2018,0.838,0.0,0.162,Florida International University has a center devoted to accelerated bridge construction. That engineering method w‚Ä¶ https://t.co/5Kv2wFhoZk,4,@nytimes
0.0,Sat Mar 17 17:55:04 +0000 2018,1.0,0.0,0.0,"Extremists have embraced Viking symbols, reflecting a darker side of the Viking cultural renaissance taking hold ac‚Ä¶ https://t.co/U9mxVluHFI",5,@nytimes
-0.1027,Sat Mar 17 17:45:05 +0000 2018,0.931,0.069,0.0,"RT @nytopinion: In this piece, first published shortly after Donald Trump was elected president, writer McKenzie Funk challenged Facebook t‚Ä¶",6,@nytimes
-0.5574,Sat Mar 17 17:35:08 +0000 2018,0.847,0.153,0.0,"After Rex Tillerson was fired by President Trump in a tweet, we asked historians and other experts to name the most‚Ä¶ https://t.co/fpMeuaplPe",7,@nytimes
-0.4939,Sat Mar 17 17:25:05 +0000 2018,0.849,0.151,0.0,The crack on the Florida bridge was discussed in a meeting hours before the bridge's collapse. The engineering comp‚Ä¶ https://t.co/V097lHgfvg,8,@nytimes
0.0,Sat Mar 17 17:15:10 +0000 2018,1.0,0.0,0.0,"RT @NYTSports: Sup, @UMBCAthletics. https://t.co/kZyzyh0t8R",9,@nytimes
0.0,Sat Mar 17 17:05:06 +0000 2018,1.0,0.0,0.0,"On the book‚Äôs cover, a stony-faced Hitler is featured alongside Gandhi, Nelson Mandela and Barack Obama https://t.co/VHXWOs9hn3",10,@nytimes
0.25,Sat Mar 17 16:55:04 +0000 2018,0.72,0.119,0.161,"RT @jonathanweisman: An amazing story detailing how the Mercers and Cambridge Analytica duped Facebook, mined our personal information, and‚Ä¶",11,@nytimes
0.3182,Sat Mar 17 16:45:05 +0000 2018,0.806,0.066,0.128,This study may find that moderate drinking is healthy. The alcohol industry was asked to pay for it. https://t.co/lL17Qf7N2w,12,@nytimes
0.25,Sat Mar 17 16:35:01 +0000 2018,0.905,0.0,0.095,"‚ÄúEverybody was keenly aware that it was too white and too male,‚Äù said the organizer of a Stanford history conference https://t.co/PcAtV14rei",13,@nytimes
0.5514,Sat Mar 17 16:25:06 +0000 2018,0.835,0.0,0.165,Have you been brushing up on relative clauses? Subject-verb agreement? Test your skills in our copy editing quiz. https://t.co/822r4zT04J,14,@nytimes
0.0,Sat Mar 17 16:15:09 +0000 2018,1.0,0.0,0.0,"‚ÄúGerry‚Äôs shoes cannot be filled, but I have my shoes, Michelle‚Äôs got her boots and you‚Äôre all going to need your sn‚Ä¶ https://t.co/pXFw0gpO3X",15,@nytimes
-0.6486,Sat Mar 17 16:05:04 +0000 2018,0.739,0.261,0.0,"Russia ordered 23 British diplomats to leave the country, escalating a diplomatic crisis after a Russian ex-spy and‚Ä¶ https://t.co/PzqRMSGkFf",16,@nytimes
0.0,Sat Mar 17 15:55:04 +0000 2018,1.0,0.0,0.0,RT @AKannapell: What We‚Äôre Reading: @columlynch/@ForeignPolicy on Nikki Haley‚Äôs presidential positioning (via @Max_Fisher); @belltown1/@col‚Ä¶,17,@nytimes
0.0,Sat Mar 17 15:45:04 +0000 2018,1.0,0.0,0.0,"A lawyer for President Trump called for an end to the Russia investigation, saying it was ""manufactured"" by the FBI https://t.co/pitaR0DK3r",18,@nytimes
-0.296,Sat Mar 17 15:35:04 +0000 2018,0.855,0.145,0.0,"The week's 10 most notable new songs and videos, chosen by @nytimesmusic critics https://t.co/9a9Dk0MA6W",19,@nytimes
0.0,Sat Mar 17 15:25:02 +0000 2018,1.0,0.0,0.0,"RT @AllMattNYT: ‚ÄúRules don‚Äôt matter:"" The inside story of how a Trump-linked data firm harvested 50+ mil Facebook profiles -- and how Faceb‚Ä¶",20,@nytimes
-0.4588,Sat Mar 17 15:15:01 +0000 2018,0.8,0.2,0.0,Virginia‚Äôs 74-54 defeat at the hands of UMBC was a long time coming https://t.co/c7HPYmc29W,21,@nytimes
-0.6808,Sat Mar 17 15:05:05 +0000 2018,0.805,0.195,0.0,"An Alaska Airlines pilot has sued the airline, alleging she was drugged and raped by another pilot during a layover‚Ä¶ https://t.co/cnkNRgrhTs",22,@nytimes
0.0,Sat Mar 17 14:55:06 +0000 2018,1.0,0.0,0.0,The monks of Mepkin Abbey are getting old. One has been at the monastery for 73 years and the youngest member is 60‚Ä¶ https://t.co/NReajwBbt7,23,@nytimes
-0.743,Sat Mar 17 14:45:09 +0000 2018,0.751,0.249,0.0,"Andrew McCabe was fired Friday. President Trump had heaped scorn on the ex-FBI deputy, who was set to retire Sunday‚Ä¶ https://t.co/QMUBT9MvkE",24,@nytimes
-0.5994,Sat Mar 17 14:35:05 +0000 2018,0.546,0.311,0.143,"Modern Love: He was struggling with an obscure neurological illness. Before he died in January, she was his world. https://t.co/Z1nxJvGQvJ",25,@nytimes
-0.4404,Sat Mar 17 14:25:02 +0000 2018,0.873,0.127,0.0,President Trump's lawyers say in court papers that Stormy Daniels could be liable for $20 million in damages for vi‚Ä¶ https://t.co/aUiFi39x1l,26,@nytimes
0.6369,Sat Mar 17 14:15:05 +0000 2018,0.802,0.0,0.198,"This soda bread is is best eaten still steaming from the oven, slathered with salted Irish butter‚Ä¶ https://t.co/CHz1nDRnuj",27,@nytimes
0.0,Sat Mar 17 14:05:07 +0000 2018,1.0,0.0,0.0,RT @nickconfessore: BREAKING: New documents tell the inside story of how a Trump-linked data firm obtained private info from more than 50 m‚Ä¶,28,@nytimes
-0.4588,Sat Mar 17 14:00:28 +0000 2018,0.864,0.136,0.0,"A firm closely tied to the Trump campaign exploited data from 50 million Facebook users, The New York Times found.‚Ä¶ https://t.co/ei3yqFlZWe",29,@nytimes
0.4086,Sat Mar 17 13:42:05 +0000 2018,0.798,0.066,0.136,"‚ÄúMy body will not allow me
To mingle with the men
But my heart is far braver
Than that of a man.‚Äù
https://t.co/bEyeqROzuB",30,@nytimes
0.0,Sat Mar 17 13:35:02 +0000 2018,1.0,0.0,0.0,Opinion: Grab a Pillow: Weekend Reads From Opinion https://t.co/WzUN3Dl3gx,31,@nytimes
-0.4588,Sat Mar 17 13:27:45 +0000 2018,0.75,0.25,0.0,How Trump Consultants Exploited the Facebook Data of Millions https://t.co/Og2VCZx7J7,32,@nytimes
-0.1263,Sat Mar 17 13:21:05 +0000 2018,0.795,0.113,0.092,"""I have trouble settling down, and he's got very rhythmic breathing,‚Äù said a woman of her dog. ""It's almost like wh‚Ä¶ https://t.co/I9Ievi7jGP",33,@nytimes
-0.3252,Sat Mar 17 13:02:04 +0000 2018,0.865,0.135,0.0,"""The Irish were slaves, too,"" the memes often say. But they're not true.
From 2017: https://t.co/4a12V4QQoG",34,@nytimes
0.0,Sat Mar 17 12:41:03 +0000 2018,1.0,0.0,0.0,Here's the 2018 election calendar https://t.co/5JIb1S2Lzk,35,@nytimes
-0.296,Sat Mar 17 12:21:10 +0000 2018,0.732,0.268,0.0,How to stop eating sugar https://t.co/taOj6iNXNT https://t.co/V1UvWZnE5v,36,@nytimes
-0.7717,Sat Mar 17 12:02:07 +0000 2018,0.573,0.427,0.0,Fatal collapse: A look at how the Florida bridge was built https://t.co/3kq7YW4KHk,37,@nytimes
0.0772,Sat Mar 17 11:41:05 +0000 2018,0.929,0.0,0.071,"The number of homeless students in New York City public schools climbed to 111,500 last school year https://t.co/q6muKeDCYD",38,@nytimes
0.296,Sat Mar 17 11:21:04 +0000 2018,0.82,0.0,0.18,"How exercise can keep aging muscles and immune systems ""young"" https://t.co/aBf803nXA5",39,@nytimes
-0.802,Sat Mar 17 11:02:04 +0000 2018,0.69,0.31,0.0,All ‚Äúdoors-off‚Äù helicopter flights have been halted in the U.S. while regulators investigate a crash that killed 5‚Ä¶ https://t.co/dJzvsFqLra,40,@nytimes
0.0,Sat Mar 17 10:31:36 +0000 2018,1.0,0.0,0.0,Diagnosis: Why Was This Teenager Bleeding So Excessively? https://t.co/aCNCKLZdfD,41,@nytimes
0.0,Sat Mar 17 10:18:36 +0000 2018,1.0,0.0,0.0,He supplies coffee to Starbucks. He owns much of Ethiopia. Where is Mohammed Hussein Al Amoudi? https://t.co/7ADtUzqvNO,42,@nytimes
0.5719,Sat Mar 17 10:02:02 +0000 2018,0.861,0.0,0.139,"RT @nytimesbusiness: As a teacher, Ryan Frailich was happy just to have a retirement plan. But then he looked closer at how the money was i‚Ä¶",43,@nytimes
0.0,Sat Mar 17 09:36:15 +0000 2018,1.0,0.0,0.0,"RT @nytimesarts: A new program at Juilliard furnishes opera students with designer gowns for their auditions and performances, donated by M‚Ä¶",44,@nytimes
-0.7506,Sat Mar 17 09:18:30 +0000 2018,0.584,0.416,0.0,"Russia Expels 23 British Diplomats, Escalating Row Over Ex-Spy‚Äôs Poisoning https://t.co/YQXGttFTyW",45,@nytimes
-0.0516,Sat Mar 17 09:00:17 +0000 2018,0.763,0.122,0.115,"With her passion for wine, swords and bomb making, Qiu Jin was unlike most women born in late 19th-century China. T‚Ä¶ https://t.co/gDhW04t0OU",46,@nytimes
-0.4939,Sat Mar 17 08:32:05 +0000 2018,0.802,0.198,0.0,RT @NYTHealth: The dangers of sleep aids and anti-anxiety medicines for older people. https://t.co/50aDfdHkUL,47,@nytimes
0.2732,Sat Mar 17 08:10:47 +0000 2018,0.9,0.0,0.1,"The tech industry‚Äôs stereotypical accessory used to be the hoodie. Today, it might as well be the Baby Bjorn. https://t.co/5chK3RtwM5",48,@nytimes
0.0,Sat Mar 17 07:54:30 +0000 2018,1.0,0.0,0.0,Your weekend playlist has arrived https://t.co/ouKnmfvsHM,49,@nytimes
-0.0516,Sat Mar 17 07:38:00 +0000 2018,0.769,0.119,0.112,"Tracy Morgan, on life after his accident: ‚ÄúI have to ask myself, because of what I‚Äôve been through, was I better th‚Ä¶ https://t.co/vkhFI4k8WE",50,@nytimes
0.0,Sat Mar 17 07:15:21 +0000 2018,1.0,0.0,0.0,"Why the tax law might make your car payments go up
https://t.co/WwH0YWqhXN",51,@nytimes
0.4588,Sat Mar 17 06:58:13 +0000 2018,0.395,0.204,0.401,The Workologist: When a Good Friend Becomes a Terrible Colleague https://t.co/XXK0HbA0sx,52,@nytimes
0.0,Sat Mar 17 06:49:28 +0000 2018,1.0,0.0,0.0,"Those who can‚Äôt afford coal often burn garbage, adding plastics and other pollutants into the soupy mix https://t.co/QjAiAIgTxS",53,@nytimes
-0.6597,Sat Mar 17 06:33:20 +0000 2018,0.61,0.39,0.0,On College Basketball: Virginia Loses in a Way No One Will Ever Forget https://t.co/sJ2u6OoAjU,54,@nytimes
0.0,Sat Mar 17 06:24:15 +0000 2018,1.0,0.0,0.0,A brief history of Stephen Hawking https://t.co/Dl9Hiu284Y,55,@nytimes
0.0,Sat Mar 17 06:03:02 +0000 2018,1.0,0.0,0.0,"Since 1851, obituaries in The New York Times have been dominated by white men. Now, we're adding the stories of mor‚Ä¶ https://t.co/5vsFyE4FbM",56,@nytimes
0.0,Sat Mar 17 05:38:49 +0000 2018,1.0,0.0,0.0,"When Qatari royals were captured falcon hunting in Iraq, they were used as pawns in a multiplayer chess match that‚Ä¶ https://t.co/iXQoX5tEpy",57,@nytimes
-0.5106,Sat Mar 17 05:23:15 +0000 2018,0.807,0.193,0.0,Toys ‚ÄúR‚Äù Us went from planning a turnaround to collapsing. The brand‚Äôs downfall shows the risks of private equity i‚Ä¶ https://t.co/OsmbyquW64,58,@nytimes
0.6808,Sat Mar 17 05:06:52 +0000 2018,0.752,0.0,0.248,"When wolves were reintroduced at Yellowstone and in Idaho, it created many positive ripple effects. That could hold‚Ä¶ https://t.co/jsAgCnSqOA",59,@nytimes
0.0,Sat Mar 17 04:50:32 +0000 2018,1.0,0.0,0.0,U.K.‚Äôs First Polar Bear Born in 25 Years to Get Star Treatment https://t.co/0SoD91Xxsb,60,@nytimes
-0.6876,Sat Mar 17 04:41:03 +0000 2018,0.659,0.256,0.085,"RT @NYTNational: Deandre Harris, a black man who was brutally attacked during last year‚Äôs rally in Charlottesville, was found not guilty of‚Ä¶",61,@nytimes
0.296,Sat Mar 17 04:14:28 +0000 2018,0.701,0.121,0.178,RT @jcrutchmer: saturday's late @nytsports print editions off of UMBC's win over virginia: the ultimate upset. https://t.co/rWVDkft5W8,62,@nytimes
0.0,Sat Mar 17 04:09:41 +0000 2018,1.0,0.0,0.0,How Trump Can Make the Most of the Summit of the Americas https://t.co/1s8j4IVddV,63,@nytimes
0.8271,Sat Mar 17 04:06:06 +0000 2018,0.58,0.0,0.42,"‚ÄúI like to photograph things that give me joy, because there‚Äôs certainly enough heartache‚Äù https://t.co/smC1cqYWKX",64,@nytimes
0.3164,Sat Mar 17 03:49:30 +0000 2018,0.84,0.0,0.16,"RT @NYTSports: ""We did it. We did it. It's a dream come true!"" https://t.co/2pP4clHjLw",65,@nytimes
0.4939,Sat Mar 17 03:47:04 +0000 2018,0.792,0.0,0.208,"In the age of Amazon and e-books, independent booksellers, like Shakespeare and Company, are actually returning to‚Ä¶ https://t.co/Vr6ceXwhla",66,@nytimes
-0.5267,Sat Mar 17 03:38:05 +0000 2018,0.794,0.206,0.0,University of Maryland-Baltimore County has become the first No. 16 seed to beat a No. 1 seed. Virginia will always‚Ä¶ https://t.co/p74AvmCFDj,67,@nytimes
-0.2023,Sat Mar 17 03:32:02 +0000 2018,0.833,0.167,0.0,5 doctors are charged with taking kickbacks for fentanyl prescriptions https://t.co/5cUp9jSMj6,68,@nytimes
-0.296,Sat Mar 17 03:17:02 +0000 2018,0.864,0.136,0.0,RT @nytgraphics: All the major firings and resignations in the Trump administration ‚Äî so far. https://t.co/yOiUwbJLp9,69,@nytimes
-0.1027,Sat Mar 17 03:07:17 +0000 2018,0.81,0.105,0.086,Top seed Virginia is on the ropes against No. 16-seed UMBC in the men‚Äôs NCAA tournament. Live updates: https://t.co/g388pFfs7B,70,@nytimes
-0.128,Sat Mar 17 03:02:06 +0000 2018,0.664,0.177,0.159,Teachers in Jersey City went on strike after they and the school district failed to reach an agreement over the cos‚Ä¶ https://t.co/wppEY8MeRe,71,@nytimes
0.5719,Sat Mar 17 02:47:03 +0000 2018,0.684,0.087,0.228,"It was probably the first ghost story in Indian cinema. The movie, ‚ÄúMahal,‚Äù was a huge success, making the lead act‚Ä¶ https://t.co/SDl67AV5Jo",72,@nytimes
-0.3818,Sat Mar 17 02:33:05 +0000 2018,0.843,0.157,0.0,"RT @jimrutenberg: Trump joins the fight against Stormy Daniels in federal court, w/@maggieNYT @adamliptak  https://t.co/Afo7bdWenZ",73,@nytimes
-0.5719,Sat Mar 17 02:22:00 +0000 2018,0.844,0.156,0.0,"In an interview, Andrew McCabe was blunt. ‚ÄúThe idea that I was dishonest is just wrong,‚Äù he said, adding, ‚ÄúThis is‚Ä¶ https://t.co/6aojClfS1j",74,@nytimes
-0.743,Sat Mar 17 02:10:16 +0000 2018,0.751,0.249,0.0,"Breaking News: Andrew McCabe has been fired. President Trump had heaped scorn on the ex-FBI deputy, who was set to‚Ä¶ https://t.co/hIE0sA8fZo",75,@nytimes
-0.886,Sat Mar 17 02:06:01 +0000 2018,0.679,0.321,0.0,RT @amyfiscus: NEW: McCabe fired: ‚ÄúThe idea that I was dishonest is just wrong. This is part of an effort to discredit me as a witness‚Äù in‚Ä¶,76,@nytimes
0.0,Sat Mar 17 01:55:04 +0000 2018,1.0,0.0,0.0,Breaking News: President Trump's lawyers say in court papers that Stormy Daniels could be liable for $20 million in‚Ä¶ https://t.co/NHDz1VVz60,77,@nytimes
0.0772,Sat Mar 17 01:47:04 +0000 2018,0.929,0.0,0.071,"The number of homeless students in New York City public schools climbed to 111,500 last school year https://t.co/84SJPhNbcI",78,@nytimes
-0.5994,Sat Mar 17 01:32:05 +0000 2018,0.546,0.311,0.143,"Modern Love: He was struggling with an obscure neurological illness. Before he died in January, she was his world. https://t.co/eP3rcFEqco",79,@nytimes
0.6808,Sat Mar 17 01:17:05 +0000 2018,0.772,0.0,0.228,RT @lindsaycrouse: A doctor that once ran 3 marathons in 3 countries in 3 weekends straight ‚Äî and won or medaled in all of them. Reporting‚Ä¶,80,@nytimes
0.0,Sat Mar 17 01:04:10 +0000 2018,1.0,0.0,0.0,Breaking News: Cracks on a new pedestrian bridge near Miami were reported on a voicemail 2 days before the walkway‚Ä¶ https://t.co/hjZUEmgn7n,81,@nytimes
0.0,Sat Mar 17 01:02:03 +0000 2018,1.0,0.0,0.0,Evening Briefing: Here's what you need to know at the end of the day https://t.co/6VtS6PJ0KX,82,@nytimes
0.0,Sat Mar 17 00:47:04 +0000 2018,1.0,0.0,0.0,Cooper Union reverses course and says it will be tuition-free once again. But it may take a while. A new plan gives‚Ä¶ https://t.co/4lpL9INlBy,83,@nytimes
-0.7717,Sat Mar 17 00:32:06 +0000 2018,0.573,0.427,0.0,Fatal collapse: A look at how the Florida bridge was built https://t.co/XS8gsX1m7C,84,@nytimes
0.0,Sat Mar 17 00:17:04 +0000 2018,1.0,0.0,0.0,RT @TheSteinLine: For Sports Saturday in the @nytimes: Taking stock of a season in San Antonio unlike any other in Pop Era for the Spurs ‚Äî&gt;‚Ä¶,85,@nytimes
-0.1263,Sat Mar 17 00:02:06 +0000 2018,0.795,0.113,0.092,"""I have trouble settling down, and he's got very rhythmic breathing,‚Äù said a woman of her dog. ""It's almost like wh‚Ä¶ https://t.co/3PV3exSpSt",86,@nytimes
0.0,Fri Mar 16 23:47:02 +0000 2018,1.0,0.0,0.0,"With new tariffs expected to take effect next week, lobbyists are storming Washington to press for exemptions that‚Ä¶ https://t.co/77Oyc9DwIy",87,@nytimes
0.6808,Fri Mar 16 23:32:02 +0000 2018,0.752,0.0,0.248,"When wolves were reintroduced at Yellowstone and in Idaho, it created many positive ripple effects. That could hold‚Ä¶ https://t.co/oqlOEjFgG4",88,@nytimes
0.4019,Fri Mar 16 23:17:03 +0000 2018,0.812,0.0,0.188,RT @porterthereport: Canada accepted fewer than 1200 Yazidi refugees. They are challenging the country‚Äôs hands-off settlement system becaus‚Ä¶,89,@nytimes
0.0,Fri Mar 16 23:06:06 +0000 2018,1.0,0.0,0.0,"How to spend 36 hours in Oaxaca, Mexico https://t.co/v5dZD8yikT",90,@nytimes
0.0,Fri Mar 16 22:53:01 +0000 2018,1.0,0.0,0.0,"When it comes to Russian meddling, President Trump has taken a far softer stand than his own administration. Here's‚Ä¶ https://t.co/uDGQLNwKvh",91,@nytimes
0.0,Fri Mar 16 22:47:05 +0000 2018,1.0,0.0,0.0,Evening Briefing: Here's what you need to know at the end of the day https://t.co/UcEPdmD5nP,92,@nytimes
0.6369,Fri Mar 16 22:31:06 +0000 2018,0.766,0.0,0.234,"""How am I supposed to find a life partner if I can‚Äôt even find many men who treat women like equals?"" https://t.co/aTklTX0dFa",93,@nytimes
0.0,Fri Mar 16 22:17:03 +0000 2018,1.0,0.0,0.0,"Why the tax law might make your car payments go up
https://t.co/xHTHUvPJnH",94,@nytimes
-0.743,Fri Mar 16 22:03:04 +0000 2018,0.733,0.267,0.0,"RT @Neil_Irwin: Trump keeps ignoring trade in services, focusing only on the trade deficit in physical goods. This misses a lot about the p‚Ä¶",95,@nytimes
0.0,Fri Mar 16 21:51:02 +0000 2018,1.0,0.0,0.0,Billie Piper may be a household name on the British stage. Now she's coming to New York. https://t.co/gwpLcdPAIN,96,@nytimes
0.6369,Fri Mar 16 21:35:07 +0000 2018,0.802,0.0,0.198,"This soda bread is is best eaten still steaming from the oven, slathered with salted Irish butter‚Ä¶ https://t.co/1LpaTzJVwF",97,@nytimes
-0.5719,Fri Mar 16 21:20:02 +0000 2018,0.783,0.217,0.0,"The ghost of Angelina Jolie past hangs over the new, suitably titled ‚ÄúTomb Raider,‚Äù a dreary, inept reboot starring‚Ä¶ https://t.co/FPmNyszSa5",98,@nytimes
0.465,Fri Mar 16 21:05:04 +0000 2018,0.672,0.102,0.226,"Despite a celebrated refugee settlement system, nothing has prepared Canada for the Yazidis https://t.co/TZ1tEql5aA",99,@nytimes
